title,current_price,original_price,discount_percentage,rating,num_reviews,is_prime,is_sponsored,product_url,asin,image_url
"Silicone Case for OnePlus 13, Green | Soft Silicone Silky Touch Easy Clean, Shockproof Slim Phone Cover, Upgraded Camera Protection, Anti-Scratch Microfiber Lining",$9.99,$11.99,-17%,4.6 out of 5 stars,"1,271 ratings",False,True,https://www.amazon.com/sspa/click?ie=UTF8&spc=MTo2ODY5NDU2Nzc1MTQzNTE1OjE3ODUzMDcxOTM6c3BfYXRmOjMwMDc4OTc1MzUyMDYwMjo6MDo6&url=%2FBtstring-Silicone-Case-OnePlus-Green%2Fdp%2FB0DNSNG1MQ%2Fref%3Dsr_1_1_sspa%3Fcrid%3DEWE3TALY9R0%26dib%3DeyJ2IjoiMSJ9.09czBwK_ipll33tUou8k2sMiMTAjlWgduJNIZFL43jEW4rdAke4wO1mQcmNNI0vRDgS1tkHRLDXlnxHrZqeHcqTLZPI92SAS_0qJb-gGhUCG3eJvRvPRZ9qz-hCGl_DhTQWKzdW49qnwS00a3-YSfmoxDQUiKDrBjtAOvLJYa9LDw-oHoKuN36a_kkesByOuyBTSwiW34ohXWmdB8xFkXzRChWnHEkQNAMB2jBGel-0.JDJGBwDx_wUl4oIiY-SVn04x-rIHJ5ea6EXcgHCc2NE%26dib_tag%3Dse%26keywords%3Doneplus%2Bcases%26qid%3D1785307193%26sprefix%3Doneplus%2Bcases%252Caps%252C366%26sr%3D8-1-spons%26sp_csd%3Dd2lkZ2V0TmFtZT1zcF9hdGY%26psc%3D1,B0DNSNG1MQ,https://m.media-amazon.com/images/I/61w6tjYOjdL._AC_UY218_.jpg
"For OnePlus Nord N200 5G Case: Shockproof Non Slip Drop Protection | Matte Textured, Heavy Duty Military Grade Anti-Scratch, Protective Cell Phone Cover, for Daily Use, Black (6.49 inches)",$7.99,,,4.6 out of 5 stars,"7,940 ratings",False,False,https://www.amazon.com/OnePlus-Nord-N200-Case-Protectors/dp/B097XLH91J/ref=sr_1_2?crid=EWE3TALY9R0&dib=eyJ2IjoiMSJ9.09czBwK_ipll33tUou8k2sMiMTAjlWgduJNIZFL43jEW4rdAke4wO1mQcmNNI0vRDgS1tkHRLDXlnxHrZqeHcqTLZPI92SAS_0qJb-gGhUCG3eJvRvPRZ9qz-hCGl_DhTQWKzdW49qnwS00a3-YSfmoxDQUiKDrBjtAOvLJYa9LDw-oHoKuN36a_kkesByOuyBTSwiW34ohXWmdB8xFkXzRChWnHEkQNAMB2jBGel-0.JDJGBwDx_wUl4oIiY-SVn04x-rIHJ5ea6EXcgHCc2NE&dib_tag=se&keywords=oneplus+cases&qid=1785307193&sprefix=oneplus+cases%2Caps%2C366&sr=8-2,B097XLH91J,https://m.media-amazon.com/images/I/711PLN4i9YL._AC_UY218_.jpg
"FNTCASE for OnePlus 15 Case, Fit for Magsafe, Screen Protector, Black | Translucent Matte Magnetic Back, 14FT Military Grade Drop Protection, Shockproof Protective Phone Cover",$8.53,$14.99,-43%,4.5 out of 5 stars,"31,888 ratings",False,False,https://www.amazon.com/FNTCASE-Oneplus-Case-Translucent-Shockproof/dp/B0G1GYN2LG/ref=sr_1_3?crid=EWE3TALY9R0&dib=eyJ2IjoiMSJ9.09czBwK_ipll33tUou8k2sMiMTAjlWgduJNIZFL43jEW4rdAke4wO1mQcmNNI0vRDgS1tkHRLDXlnxHrZqeHcqTLZPI92SAS_0qJb-gGhUCG3eJvRvPRZ9qz-hCGl_DhTQWKzdW49qnwS00a3-YSfmoxDQUiKDrBjtAOvLJYa9LDw-oHoKuN36a_kkesByOuyBTSwiW34ohXWmdB8xFkXzRChWnHEkQNAMB2jBGel-0.JDJGBwDx_wUl4oIiY-SVn04x-rIHJ5ea6EXcgHCc2NE&dib_tag=se&keywords=oneplus+cases&qid=1785307193&sprefix=oneplus+cases%2Caps%2C366&sr=8-3,B0G1GYN2LG,https://m.media-amazon.com/images/I/71Uv2FUeXEL._AC_UY218_.jpg
"OnePlus 15 Magnetic Case Sandstone, Textured Grip, N52 Magnet, Drop Resistant, Raised Camera Protection, Applicable to 15",$39.99,,10% off coupon applied,4.8 out of 5 stars,6 ratings,False,False,https://www.amazon.com/OnePlus-Sandstone-Resistant-Protection-Applicable/dp/B0FX2TH6VP/ref=sr_1_4?crid=EWE3TALY9R0&dib=eyJ2IjoiMSJ9.09czBwK_ipll33tUou8k2sMiMTAjlWgduJNIZFL43jEW4rdAke4wO1mQcmNNI0vRDgS1tkHRLDXlnxHrZqeHcqTLZPI92SAS_0qJb-gGhUCG3eJvRvPRZ9qz-hCGl_DhTQWKzdW49qnwS00a3-YSfmoxDQUiKDrBjtAOvLJYa9LDw-oHoKuN36a_kkesByOuyBTSwiW34ohXWmdB8xFkXzRChWnHEkQNAMB2jBGel-0.JDJGBwDx_wUl4oIiY-SVn04x-rIHJ5ea6EXcgHCc2NE&dib_tag=se&keywords=oneplus+cases&qid=1785307193&sprefix=oneplus+cases%2Caps%2C366&sr=8-4,B0FX2TH6VP,https://m.media-amazon.com/images/I/61M-sieBMXL._AC_UY218_.jpg
"Oneplus Nord N200 5G Case: Military Grade 16ft Drop Tested, Ring Shockproof Protective Cover with HD Screen Protector, Blue",$8.97,,,4.6 out of 5 stars,646 ratings,False,False,https://www.amazon.com/Aozuoton-Oneplus-Nord-N200-5G/dp/B0B4FYJLST/ref=sr_1_5?crid=EWE3TALY9R0&dib=eyJ2IjoiMSJ9.09czBwK_ipll33tUou8k2sMiMTAjlWgduJNIZFL43jEW4rdAke4wO1mQcmNNI0vRDgS1tkHRLDXlnxHrZqeHcqTLZPI92SAS_0qJb-gGhUCG3eJvRvPRZ9qz-hCGl_DhTQWKzdW49qnwS00a3-YSfmoxDQUiKDrBjtAOvLJYa9LDw-oHoKuN36a_kkesByOuyBTSwiW34ohXWmdB8xFkXzRChWnHEkQNAMB2jBGel-0.JDJGBwDx_wUl4oIiY-SVn04x-rIHJ5ea6EXcgHCc2NE&dib_tag=se&keywords=oneplus+cases&qid=1785307193&sprefix=oneplus+cases%2Caps%2C366&sr=8-5,B0B4FYJLST,https://m.media-amazon.com/images/I/61uS6xK-MEL._AC_UY218_.jpg
"FNTCASE for Oneplus 15 Clear Case One Plus 15 Case Compatible with Magsafe | Screen Protector, Military Grade Drop Protection, Slim Magnetic Phone Cases, Shockproof Bumper, Transparent Cell Cover",$7.99,$8.99,-11%,4.6 out of 5 stars,"81,908 ratings",False,False,https://www.amazon.com/FNTCASE-Oneplus-15-Case-Clear/dp/B0G2BK7NTN/ref=sr_1_6?crid=EWE3TALY9R0&dib=eyJ2IjoiMSJ9.09czBwK_ipll33tUou8k2sMiMTAjlWgduJNIZFL43jEW4rdAke4wO1mQcmNNI0vRDgS1tkHRLDXlnxHrZqeHcqTLZPI92SAS_0qJb-gGhUCG3eJvRvPRZ9qz-hCGl_DhTQWKzdW49qnwS00a3-YSfmoxDQUiKDrBjtAOvLJYa9LDw-oHoKuN36a_kkesByOuyBTSwiW34ohXWmdB8xFkXzRChWnHEkQNAMB2jBGel-0.JDJGBwDx_wUl4oIiY-SVn04x-rIHJ5ea6EXcgHCc2NE&dib_tag=se&keywords=oneplus+cases&qid=1785307193&sprefix=oneplus+cases%2Caps%2C366&sr=8-6,B0G2BK7NTN,https://m.media-amazon.com/images/I/71HfflTUO-L._AC_UY218_.jpg
"Poetic Revolution Case for OnePlus 15 5G, | Slide Camera Cover | 2 Tempered Glass Screen Protector | 20FT Mil-Grade Drop Tested | Full-Body Rugged Dual-Layer Shockproof Case with Kickstand, Black",$21.95,,5% off coupon applied,4.3 out of 5 stars,524 ratings,False,True,https://www.amazon.com/sspa/click?ie=UTF8&spc=MTo2ODY5NDU2Nzc1MTQzNTE1OjE3ODUzMDcxOTM6c3BfbXRmOjMwMTA4NTM4MTAxNjYwMjo6MDo6&url=%2FPoetic-Revolution-Protector-Dual-Layer-Shockproof%2Fdp%2FB0G1SM43SH%2Fref%3Dsr_1_7_sspa%3Fcrid%3DEWE3TALY9R0%26dib%3DeyJ2IjoiMSJ9.09czBwK_ipll33tUou8k2sMiMTAjlWgduJNIZFL43jEW4rdAke4wO1mQcmNNI0vRDgS1tkHRLDXlnxHrZqeHcqTLZPI92SAS_0qJb-gGhUCG3eJvRvPRZ9qz-hCGl_DhTQWKzdW49qnwS00a3-YSfmoxDQUiKDrBjtAOvLJYa9LDw-oHoKuN36a_kkesByOuyBTSwiW34ohXWmdB8xFkXzRChWnHEkQNAMB2jBGel-0.JDJGBwDx_wUl4oIiY-SVn04x-rIHJ5ea6EXcgHCc2NE%26dib_tag%3Dse%26keywords%3Doneplus%2Bcases%26qid%3D1785307193%26sprefix%3Doneplus%2Bcases%252Caps%252C366%26sr%3D8-7-spons%26sp_csd%3Dd2lkZ2V0TmFtZT1zcF9tdGY%26psc%3D1,B0G1SM43SH,https://m.media-amazon.com/images/I/71OICkDXl2L._AC_UY218_.jpg
"Poetic Guardian Case for OnePlus 15 5G, | Magsafe Compatible |2 Tempered Glass Screen Protector | Work with Fingerprint ID |, Full Body Shockproof Rugged Clear Cover Case, Black/Clear",$21.95,,5% off coupon applied,4.4 out of 5 stars,"1,144 ratings",False,False,https://www.amazon.com/Poetic-Compatible-Protector-Fingerprint-Shockproof/dp/B0G1YFVD87/ref=sr_1_8?crid=EWE3TALY9R0&dib=eyJ2IjoiMSJ9.09czBwK_ipll33tUou8k2sMiMTAjlWgduJNIZFL43jEW4rdAke4wO1mQcmNNI0vRDgS1tkHRLDXlnxHrZqeHcqTLZPI92SAS_0qJb-gGhUCG3eJvRvPRZ9qz-hCGl_DhTQWKzdW49qnwS00a3-YSfmoxDQUiKDrBjtAOvLJYa9LDw-oHoKuN36a_kkesByOuyBTSwiW34ohXWmdB8xFkXzRChWnHEkQNAMB2jBGel-0.JDJGBwDx_wUl4oIiY-SVn04x-rIHJ5ea6EXcgHCc2NE&dib_tag=se&keywords=oneplus+cases&qid=1785307193&sprefix=oneplus+cases%2Caps%2C366&sr=8-8,B0G1YFVD87,https://m.media-amazon.com/images/I/71xT1U7EUOL._AC_UY218_.jpg
"Nillkin for OnePlus 15 MagSafe Case, MagSafe Compatible, Shockproof Slim | Military Grade Drop Tested | Anti-Scratch & Slip | Fit One Plus 15 Case | Frosted Shield Pro Case for OnePlus 15, Matte Black",$21.99,$23.99,10% off coupon applied,4.5 out of 5 stars,66 ratings,False,False,https://www.amazon.com/Nillkin-OnePlus-Compatible-Military-Shockproof/dp/B0FY2VLFK7/ref=sr_1_9?crid=EWE3TALY9R0&dib=eyJ2IjoiMSJ9.09czBwK_ipll33tUou8k2sMiMTAjlWgduJNIZFL43jEW4rdAke4wO1mQcmNNI0vRDgS1tkHRLDXlnxHrZqeHcqTLZPI92SAS_0qJb-gGhUCG3eJvRvPRZ9qz-hCGl_DhTQWKzdW49qnwS00a3-YSfmoxDQUiKDrBjtAOvLJYa9LDw-oHoKuN36a_kkesByOuyBTSwiW34ohXWmdB8xFkXzRChWnHEkQNAMB2jBGel-0.JDJGBwDx_wUl4oIiY-SVn04x-rIHJ5ea6EXcgHCc2NE&dib_tag=se&keywords=oneplus+cases&qid=1785307193&sprefix=oneplus+cases%2Caps%2C366&sr=8-9,B0FY2VLFK7,https://m.media-amazon.com/images/I/7197rJg1dzL._AC_UY218_.jpg
"MAKAVO Magnetic for OnePlus 12 Case [Compatible with MagSafe] Translucent Matte Shockproof Phone Case with Camera Cover, One Plus 12 Slim Thin Yet Military Grade Drop Proof Silicone Bumper Case",$13.99,,,4.5 out of 5 stars,433 ratings,False,False,https://www.amazon.com/MAKAVO-Magnetic-Compatible-Translucent-Shockproof/dp/B0CRR1FLZL/ref=sr_1_10?crid=EWE3TALY9R0&dib=eyJ2IjoiMSJ9.09czBwK_ipll33tUou8k2sMiMTAjlWgduJNIZFL43jEW4rdAke4wO1mQcmNNI0vRDgS1tkHRLDXlnxHrZqeHcqTLZPI92SAS_0qJb-gGhUCG3eJvRvPRZ9qz-hCGl_DhTQWKzdW49qnwS00a3-YSfmoxDQUiKDrBjtAOvLJYa9LDw-oHoKuN36a_kkesByOuyBTSwiW34ohXWmdB8xFkXzRChWnHEkQNAMB2jBGel-0.JDJGBwDx_wUl4oIiY-SVn04x-rIHJ5ea6EXcgHCc2NE&dib_tag=se&keywords=oneplus+cases&qid=1785307193&sprefix=oneplus+cases%2Caps%2C366&sr=8-10,B0CRR1FLZL,https://m.media-amazon.com/images/I/71Unul53TGL._AC_UY218_.jpg
"Gritup Fit for OnePlus Nord N30 5G Case with Slide Camera Cover & Screen Protector (2 Pack), Build in 360° Rotating Ring Kickstand [Military Grade] Protective Case for Nord N30 5g Case, Black",$6.88,,,4.5 out of 5 stars,"1,035 ratings",False,False,https://www.amazon.com/Protector-Rotating-Kickstand-Military-Protective/dp/B0CJ2Y5CF5/ref=sr_1_11?crid=EWE3TALY9R0&dib=eyJ2IjoiMSJ9.09czBwK_ipll33tUou8k2sMiMTAjlWgduJNIZFL43jEW4rdAke4wO1mQcmNNI0vRDgS1tkHRLDXlnxHrZqeHcqTLZPI92SAS_0qJb-gGhUCG3eJvRvPRZ9qz-hCGl_DhTQWKzdW49qnwS00a3-YSfmoxDQUiKDrBjtAOvLJYa9LDw-oHoKuN36a_kkesByOuyBTSwiW34ohXWmdB8xFkXzRChWnHEkQNAMB2jBGel-0.JDJGBwDx_wUl4oIiY-SVn04x-rIHJ5ea6EXcgHCc2NE&dib_tag=se&keywords=oneplus+cases&qid=1785307193&sprefix=oneplus+cases%2Caps%2C366&sr=8-11,B0CJ2Y5CF5,https://m.media-amazon.com/images/I/81pzAxDntJL._AC_UY218_.jpg
"Poetic Guardian Case for OnePlus 15R 5G, 20FT Mil-Grade Drop Tested | Tempered Glass Screen Protector, Full Body Shockproof Rugged Clear Cover Case, Purple/Clear",$22.95,,,4.4 out of 5 stars,"1,142 ratings",False,True,https://www.amazon.com/sspa/click?ie=UTF8&spc=MTo2ODY5NDU2Nzc1MTQzNTE1OjE3ODUzMDcxOTM6c3BfbXRmOjMwMTE2NDU3NDUxODYwMjo6MDo6&url=%2FPoetic-Guardian-Mil-Grade-Protector-Shockproof%2Fdp%2FB0G3WSQGW1%2Fref%3Dsr_1_12_sspa%3Fcrid%3DEWE3TALY9R0%26dib%3DeyJ2IjoiMSJ9.09czBwK_ipll33tUou8k2sMiMTAjlWgduJNIZFL43jEW4rdAke4wO1mQcmNNI0vRDgS1tkHRLDXlnxHrZqeHcqTLZPI92SAS_0qJb-gGhUCG3eJvRvPRZ9qz-hCGl_DhTQWKzdW49qnwS00a3-YSfmoxDQUiKDrBjtAOvLJYa9LDw-oHoKuN36a_kkesByOuyBTSwiW34ohXWmdB8xFkXzRChWnHEkQNAMB2jBGel-0.JDJGBwDx_wUl4oIiY-SVn04x-rIHJ5ea6EXcgHCc2NE%26dib_tag%3Dse%26keywords%3Doneplus%2Bcases%26qid%3D1785307193%26sprefix%3Doneplus%2Bcases%252Caps%252C366%26sr%3D8-12-spons%26sp_csd%3Dd2lkZ2V0TmFtZT1zcF9tdGY%26psc%3D1,B0G3WSQGW1,https://m.media-amazon.com/images/I/71MpxiuJlzL._AC_UY218_.jpg
"Poetic for OnePlus 15 Case, | Compatible with MagSafe | 360° Rotate Magnetic Ring Kickstand | Military Grade Drop Proof Protection Cover | Tempered Glass Screen Protector | Black/Clear",$25.95,,,4.4 out of 5 stars,136 ratings,False,False,https://www.amazon.com/Poetic-Compatible-Kickstand-Protection-Protector/dp/B0G39SFYH5/ref=sr_1_13?crid=EWE3TALY9R0&dib=eyJ2IjoiMSJ9.09czBwK_ipll33tUou8k2sMiMTAjlWgduJNIZFL43jEW4rdAke4wO1mQcmNNI0vRDgS1tkHRLDXlnxHrZqeHcqTLZPI92SAS_0qJb-gGhUCG3eJvRvPRZ9qz-hCGl_DhTQWKzdW49qnwS00a3-YSfmoxDQUiKDrBjtAOvLJYa9LDw-oHoKuN36a_kkesByOuyBTSwiW34ohXWmdB8xFkXzRChWnHEkQNAMB2jBGel-0.JDJGBwDx_wUl4oIiY-SVn04x-rIHJ5ea6EXcgHCc2NE&dib_tag=se&keywords=oneplus+cases&qid=1785307193&sprefix=oneplus+cases%2Caps%2C366&sr=8-13,B0G39SFYH5,https://m.media-amazon.com/images/I/71OW3HyI4sL._AC_UY218_.jpg
"Poetic Revolution Case for OnePlus 13 5G, [Slide Camera Cover]，Built-in Screen Protector [Work with Fingerprint ID], [2 Front Frame] Full Body Rugged Shockproof Protective Case with Kickstand, Black",$21.95,,5% off coupon applied,4.0 out of 5 stars,279 ratings,False,False,https://www.amazon.com/Poetic-Revolution-Fingerprint-Shockproof-Protective/dp/B0DPFX3WRQ/ref=sr_1_14?crid=EWE3TALY9R0&dib=eyJ2IjoiMSJ9.09czBwK_ipll33tUou8k2sMiMTAjlWgduJNIZFL43jEW4rdAke4wO1mQcmNNI0vRDgS1tkHRLDXlnxHrZqeHcqTLZPI92SAS_0qJb-gGhUCG3eJvRvPRZ9qz-hCGl_DhTQWKzdW49qnwS00a3-YSfmoxDQUiKDrBjtAOvLJYa9LDw-oHoKuN36a_kkesByOuyBTSwiW34ohXWmdB8xFkXzRChWnHEkQNAMB2jBGel-0.JDJGBwDx_wUl4oIiY-SVn04x-rIHJ5ea6EXcgHCc2NE&dib_tag=se&keywords=oneplus+cases&qid=1785307193&sprefix=oneplus+cases%2Caps%2C366&sr=8-14,B0DPFX3WRQ,https://m.media-amazon.com/images/I/719L8lG7D-L._AC_UY218_.jpg
"FNTCASE for OnePlus 15 Case, Built-in Screen Protector, Kickstand, Black | 20FT Military-Grade Drop Protection, Anti-Slip Matte Textured, Rugged Heavy Duty Shockproof TPU Protective Cover",$18.99,,5% off coupon applied,4.4 out of 5 stars,"8,036 ratings",False,False,https://www.amazon.com/FNTCASE-OnePlus-15-Phone-Built/dp/B0G1Y6WJYT/ref=sr_1_15?crid=EWE3TALY9R0&dib=eyJ2IjoiMSJ9.09czBwK_ipll33tUou8k2sMiMTAjlWgduJNIZFL43jEW4rdAke4wO1mQcmNNI0vRDgS1tkHRLDXlnxHrZqeHcqTLZPI92SAS_0qJb-gGhUCG3eJvRvPRZ9qz-hCGl_DhTQWKzdW49qnwS00a3-YSfmoxDQUiKDrBjtAOvLJYa9LDw-oHoKuN36a_kkesByOuyBTSwiW34ohXWmdB8xFkXzRChWnHEkQNAMB2jBGel-0.JDJGBwDx_wUl4oIiY-SVn04x-rIHJ5ea6EXcgHCc2NE&dib_tag=se&keywords=oneplus+cases&qid=1785307193&sprefix=oneplus+cases%2Caps%2C366&sr=8-15,B0G1Y6WJYT,https://m.media-amazon.com/images/I/81cf33VMHkL._AC_UY218_.jpg
"FNTCASE for OnePlus 13 Case: Non Slip One Plus 13 Matte TPU Shockproof | 14FT Military Grade Drop Protection, Anti-Scratch, Anti-Fingerprint Protective Cell Phone Cover, for Daily Use, Black",$7.99,,,4.6 out of 5 stars,"47,133 ratings",False,False,https://www.amazon.com/FNTCASE-OnePlus-13-Case-Lightweight/dp/B0FGJQY65K/ref=sr_1_16?crid=EWE3TALY9R0&dib=eyJ2IjoiMSJ9.09czBwK_ipll33tUou8k2sMiMTAjlWgduJNIZFL43jEW4rdAke4wO1mQcmNNI0vRDgS1tkHRLDXlnxHrZqeHcqTLZPI92SAS_0qJb-gGhUCG3eJvRvPRZ9qz-hCGl_DhTQWKzdW49qnwS00a3-YSfmoxDQUiKDrBjtAOvLJYa9LDw-oHoKuN36a_kkesByOuyBTSwiW34ohXWmdB8xFkXzRChWnHEkQNAMB2jBGel-0.JDJGBwDx_wUl4oIiY-SVn04x-rIHJ5ea6EXcgHCc2NE&dib_tag=se&keywords=oneplus+cases&qid=1785307193&sprefix=oneplus+cases%2Caps%2C366&sr=8-16,B0FGJQY65K,https://m.media-amazon.com/images/I/71eZKQ7mm1L._AC_UY218_.jpg
"Super Thin for OnePlus 13R Case, Ultra Slim Skin-Friendly Anti-Scratch Hard Cover [Full Camera Protection] [Smooth Matte Finish] Sleek Minimalist Phone Case for Oneplus 13R, Orange",$9.99,,,4.3 out of 5 stars,62 ratings,False,True,https://www.amazon.com/sspa/click?ie=UTF8&spc=MTo2ODY5NDU2Nzc1MTQzNTE1OjE3ODUzMDcxOTM6c3BfbXRmOjMwMTA1MzA0NTcwODUwMjo6MDo6&url=%2FPuxssul-OnePlus-13R-Skin-Friendly-Anti-Scratch%2Fdp%2FB0FPCWRP6K%2Fref%3Dsr_1_17_sspa%3Fcrid%3DEWE3TALY9R0%26dib%3DeyJ2IjoiMSJ9.09czBwK_ipll33tUou8k2sMiMTAjlWgduJNIZFL43jEW4rdAke4wO1mQcmNNI0vRDgS1tkHRLDXlnxHrZqeHcqTLZPI92SAS_0qJb-gGhUCG3eJvRvPRZ9qz-hCGl_DhTQWKzdW49qnwS00a3-YSfmoxDQUiKDrBjtAOvLJYa9LDw-oHoKuN36a_kkesByOuyBTSwiW34ohXWmdB8xFkXzRChWnHEkQNAMB2jBGel-0.JDJGBwDx_wUl4oIiY-SVn04x-rIHJ5ea6EXcgHCc2NE%26dib_tag%3Dse%26keywords%3Doneplus%2Bcases%26qid%3D1785307193%26sprefix%3Doneplus%2Bcases%252Caps%252C366%26sr%3D8-17-spons%26sp_csd%3Dd2lkZ2V0TmFtZT1zcF9tdGY%26psc%3D1,B0FPCWRP6K,https://m.media-amazon.com/images/I/515joxKinRL._AC_UY218_.jpg
"Poetic Guardian Case for OnePlus 13 5G, Built-in Screen Protector [Work with Fingerprint ID], [2 Front Frame] Full Body Shockproof Rugged Clear Cover Case, Black/Clear",$21.95,,5% off coupon applied,4.4 out of 5 stars,"1,144 ratings",False,False,https://www.amazon.com/Poetic-Guardian-Protector-Fingerprint-Shockproof/dp/B0DPFYB2PL/ref=sr_1_18?crid=EWE3TALY9R0&dib=eyJ2IjoiMSJ9.09czBwK_ipll33tUou8k2sMiMTAjlWgduJNIZFL43jEW4rdAke4wO1mQcmNNI0vRDgS1tkHRLDXlnxHrZqeHcqTLZPI92SAS_0qJb-gGhUCG3eJvRvPRZ9qz-hCGl_DhTQWKzdW49qnwS00a3-YSfmoxDQUiKDrBjtAOvLJYa9LDw-oHoKuN36a_kkesByOuyBTSwiW34ohXWmdB8xFkXzRChWnHEkQNAMB2jBGel-0.JDJGBwDx_wUl4oIiY-SVn04x-rIHJ5ea6EXcgHCc2NE&dib_tag=se&keywords=oneplus+cases&qid=1785307193&sprefix=oneplus+cases%2Caps%2C366&sr=8-18,B0DPFYB2PL,https://m.media-amazon.com/images/I/71DRBAZDt+L._AC_UY218_.jpg
Spigen Ultra Hybrid Designed for Oneplus 13 Case (2025) [Anti - Yellowing] [Military-Grade Protection] - Matte Black,$14.99,,,4.5 out of 5 stars,"1,465 ratings",False,False,https://www.amazon.com/Spigen-Ultra-Hybrid-Designed-Oneplus/dp/B0DJGSR89K/ref=sr_1_19?crid=EWE3TALY9R0&dib=eyJ2IjoiMSJ9.09czBwK_ipll33tUou8k2sMiMTAjlWgduJNIZFL43jEW4rdAke4wO1mQcmNNI0vRDgS1tkHRLDXlnxHrZqeHcqTLZPI92SAS_0qJb-gGhUCG3eJvRvPRZ9qz-hCGl_DhTQWKzdW49qnwS00a3-YSfmoxDQUiKDrBjtAOvLJYa9LDw-oHoKuN36a_kkesByOuyBTSwiW34ohXWmdB8xFkXzRChWnHEkQNAMB2jBGel-0.JDJGBwDx_wUl4oIiY-SVn04x-rIHJ5ea6EXcgHCc2NE&dib_tag=se&keywords=oneplus+cases&qid=1785307193&sprefix=oneplus+cases%2Caps%2C366&sr=8-19,B0DJGSR89K,https://m.media-amazon.com/images/I/71UDi+QX4lL._AC_UY218_.jpg
TUDIA MergeGrip [Military Grade] for OnePlus 15 5G Case (2025) – [Drop Tested] Dual Layer Shockproof Slim Rugged Heavy Duty Tough Protective Phone Case Cover (Black),$17.99,$18.99,Save 5%,4.6 out of 5 stars,234 ratings,False,False,https://www.amazon.com/TUDIA-MergeGrip-Military-Grade-OnePlus/dp/B0FZFZM1LM/ref=sr_1_20?crid=EWE3TALY9R0&dib=eyJ2IjoiMSJ9.09czBwK_ipll33tUou8k2sMiMTAjlWgduJNIZFL43jEW4rdAke4wO1mQcmNNI0vRDgS1tkHRLDXlnxHrZqeHcqTLZPI92SAS_0qJb-gGhUCG3eJvRvPRZ9qz-hCGl_DhTQWKzdW49qnwS00a3-YSfmoxDQUiKDrBjtAOvLJYa9LDw-oHoKuN36a_kkesByOuyBTSwiW34ohXWmdB8xFkXzRChWnHEkQNAMB2jBGel-0.JDJGBwDx_wUl4oIiY-SVn04x-rIHJ5ea6EXcgHCc2NE&dib_tag=se&keywords=oneplus+cases&qid=1785307193&sprefix=oneplus+cases%2Caps%2C366&sr=8-20,B0FZFZM1LM,https://m.media-amazon.com/images/I/71FoIC3XGKL._AC_UY218_.jpg
"case for OnePlus Buds 4 with Carabiner and Cleaning Pen, Silicone Protective Cover Shockproof Anti-Scratch Portable Travel (Black)",$8.99,,Save 6% at checkout,5.0 out of 5 stars,1 ratings,False,True,https://www.amazon.com/sspa/click?ie=UTF8&spc=MTo2ODY5NDU2Nzc1MTQzNTE1OjE3ODUzMDcxOTM6c3BfYnRmOjMwMTE2OTEzNjIxMjEwMjo6MDo6&url=%2FOnePlus-Buds-Protective-Shockproof-Anti-Scratch%2Fdp%2FB0H7QV6QWP%2Fref%3Dsr_1_21_sspa%3Fcrid%3DEWE3TALY9R0%26dib%3DeyJ2IjoiMSJ9.09czBwK_ipll33tUou8k2sMiMTAjlWgduJNIZFL43jEW4rdAke4wO1mQcmNNI0vRDgS1tkHRLDXlnxHrZqeHcqTLZPI92SAS_0qJb-gGhUCG3eJvRvPRZ9qz-hCGl_DhTQWKzdW49qnwS00a3-YSfmoxDQUiKDrBjtAOvLJYa9LDw-oHoKuN36a_kkesByOuyBTSwiW34ohXWmdB8xFkXzRChWnHEkQNAMB2jBGel-0.JDJGBwDx_wUl4oIiY-SVn04x-rIHJ5ea6EXcgHCc2NE%26dib_tag%3Dse%26keywords%3Doneplus%2Bcases%26qid%3D1785307193%26sprefix%3Doneplus%2Bcases%252Caps%252C366%26sr%3D8-21-spons%26sp_csd%3Dd2lkZ2V0TmFtZT1zcF9idGY%26psc%3D1,B0H7QV6QWP,https://m.media-amazon.com/images/I/61NXOqNSq1L._AC_UY218_.jpg
"GiiYoon Silicone Case Compatible with OnePlus 15R, Full Body Silky Soft Touch Phone Case with Camera Protection, Shockproof Cover with Microfiber Lining, Black",$9.69,,,4.2 out of 5 stars,"3,519 ratings",False,True,https://www.amazon.com/sspa/click?ie=UTF8&spc=MTo2ODY5NDU2Nzc1MTQzNTE1OjE3ODUzMDcxOTM6c3BfYnRmOjMwMTE4ODY3Njc2MzkwMjo6MDo6&url=%2FGiiYoon-Compatible-15R-Protection-Shockproof%2Fdp%2FB0GCBMD58J%2Fref%3Dsr_1_22_sspa%3Fcrid%3DEWE3TALY9R0%26dib%3DeyJ2IjoiMSJ9.09czBwK_ipll33tUou8k2sMiMTAjlWgduJNIZFL43jEW4rdAke4wO1mQcmNNI0vRDgS1tkHRLDXlnxHrZqeHcqTLZPI92SAS_0qJb-gGhUCG3eJvRvPRZ9qz-hCGl_DhTQWKzdW49qnwS00a3-YSfmoxDQUiKDrBjtAOvLJYa9LDw-oHoKuN36a_kkesByOuyBTSwiW34ohXWmdB8xFkXzRChWnHEkQNAMB2jBGel-0.JDJGBwDx_wUl4oIiY-SVn04x-rIHJ5ea6EXcgHCc2NE%26dib_tag%3Dse%26keywords%3Doneplus%2Bcases%26qid%3D1785307193%26sprefix%3Doneplus%2Bcases%252Caps%252C366%26sr%3D8-22-spons%26sp_csd%3Dd2lkZ2V0TmFtZT1zcF9idGY%26psc%3D1,B0GCBMD58J,https://m.media-amazon.com/images/I/61rNmStyHoL._AC_UY218_.jpg
"for OnePlus 12 Case with Slide Camera Cover, 360° Rotation Ring Kickstand [Military Grade] Case for OnePlus 12 5G (Green)",$6.99,,,3.9 out of 5 stars,38 ratings,False,True,https://www.amazon.com/sspa/click?ie=UTF8&spc=MTo4ODQxNjYxMDY3MzE3OTMzOjE3ODUzMDcxOTk6c3BfYXRmX25leHQ6MzAwMTY3MjAzMzQ2MTAyOjowOjo&url=%2FAKINIK-OnePlus-Rotation-Kickstand-Military%2Fdp%2FB0CWDFK8WY%2Fref%3Dsr_1_17_sspa%3Fdib%3DeyJ2IjoiMSJ9.-5TGodiX0WEgjYNMgtHn9YxlpgFlaY7occ8mcvjADhKYzuEYV5dT5cUM6dP__2lFRRdPQ7g9-X4Rt7-77OsHBrnx2WioHLQaD7WYx18c-PveKuswBDhB6MvuPfXUQFWpGoKaXIRov2MI3Ll-BYIUzTrX22qoX8eqQxvAW6D6mRNBSFHH_u4wouRshGrKXlh0_hKz1SBgnhLFURIty9IZ2-aldQWDzysHm-iU92V1koQ.EXGlHLnPC_Bl_YTnWPRh4r1mufTBWcpFjDQcO-MY71Y%26dib_tag%3Dse%26keywords%3Doneplus%2Bcases%26qid%3D1785307199%26sr%3D8-17-spons%26sp_csd%3Dd2lkZ2V0TmFtZT1zcF9hdGZfbmV4dA%26psc%3D1,B0CWDFK8WY,https://m.media-amazon.com/images/I/71rfMVwxRBL._AC_UY218_.jpg
"Silverback for OnePlus 12 Case Clear with Ring Kickstand | Protective Soft TPU, Shock Absorbing Bumper, Shockproof, Transparent Slim",$9.99,,,4.1 out of 5 stars,15 ratings,False,True,https://www.amazon.com/sspa/click?ie=UTF8&spc=MTo4ODQxNjYxMDY3MzE3OTMzOjE3ODUzMDcxOTk6c3BfYXRmX25leHQ6MzAwMzczMzE3OTQ4ODAyOjowOjo&url=%2FSilverback-Kickstand-Protective-Absorbing-Shockproof%2Fdp%2FB0D7VWCGT6%2Fref%3Dsr_1_18_sspa%3Fdib%3DeyJ2IjoiMSJ9.-5TGodiX0WEgjYNMgtHn9YxlpgFlaY7occ8mcvjADhKYzuEYV5dT5cUM6dP__2lFRRdPQ7g9-X4Rt7-77OsHBrnx2WioHLQaD7WYx18c-PveKuswBDhB6MvuPfXUQFWpGoKaXIRov2MI3Ll-BYIUzTrX22qoX8eqQxvAW6D6mRNBSFHH_u4wouRshGrKXlh0_hKz1SBgnhLFURIty9IZ2-aldQWDzysHm-iU92V1koQ.EXGlHLnPC_Bl_YTnWPRh4r1mufTBWcpFjDQcO-MY71Y%26dib_tag%3Dse%26keywords%3Doneplus%2Bcases%26qid%3D1785307199%26sr%3D8-18-spons%26sp_csd%3Dd2lkZ2V0TmFtZT1zcF9hdGZfbmV4dA%26psc%3D1,B0D7VWCGT6,https://m.media-amazon.com/images/I/71jFc6oJJ6L._AC_UY218_.jpg
"for OnePlus Nord N10 5G Case with [2 Pack] Tempered Glass Screen Protector, Heavy Duty Armor [Military-Grade] Protective，for OnePlus N10 Magnetic Kickstand Car Mount Case Black",$8.95,,,4.4 out of 5 stars,155 ratings,False,False,https://www.amazon.com/Anvzle-Protector-Military-Grade-Protective%EF%BC%8C-Kickstand/dp/B0DQD312P6/ref=sr_1_19?dib=eyJ2IjoiMSJ9.-5TGodiX0WEgjYNMgtHn9YxlpgFlaY7occ8mcvjADhKYzuEYV5dT5cUM6dP__2lFRRdPQ7g9-X4Rt7-77OsHBrnx2WioHLQaD7WYx18c-PveKuswBDhB6MvuPfXUQFWpGoKaXIRov2MI3Ll-BYIUzTrX22qoX8eqQxvAW6D6mRNBSFHH_u4wouRshGrKXlh0_hKz1SBgnhLFURIty9IZ2-aldQWDzysHm-iU92V1koQ.EXGlHLnPC_Bl_YTnWPRh4r1mufTBWcpFjDQcO-MY71Y&dib_tag=se&keywords=oneplus+cases&qid=1785307199&sr=8-19,B0DQD312P6,https://m.media-amazon.com/images/I/61M74P-wmpL._AC_UY218_.jpg
"LeYi for OnePlus-15 Case MagSafe Fit Matte Translucent Shockproof, Black | OnePlus 15 Screen Protector [2 Packs] with One Plus 15 Case, Slim Soft Raised Camera Guard Funda para One Plus15 Unlocked",$7.99,,20% off coupon applied,4.6 out of 5 stars,"1,916 ratings",False,False,https://www.amazon.com/LeYi-OnePlus-15-MagSafe-Translucent-Shockproof/dp/B0GHXYSJZT/ref=sr_1_20?dib=eyJ2IjoiMSJ9.-5TGodiX0WEgjYNMgtHn9YxlpgFlaY7occ8mcvjADhKYzuEYV5dT5cUM6dP__2lFRRdPQ7g9-X4Rt7-77OsHBrnx2WioHLQaD7WYx18c-PveKuswBDhB6MvuPfXUQFWpGoKaXIRov2MI3Ll-BYIUzTrX22qoX8eqQxvAW6D6mRNBSFHH_u4wouRshGrKXlh0_hKz1SBgnhLFURIty9IZ2-aldQWDzysHm-iU92V1koQ.EXGlHLnPC_Bl_YTnWPRh4r1mufTBWcpFjDQcO-MY71Y&dib_tag=se&keywords=oneplus+cases&qid=1785307199&sr=8-20,B0GHXYSJZT,https://m.media-amazon.com/images/I/71EjZ80Wg-L._AC_UY218_.jpg
"OtterBox OnePlus Nord N200 5G Commuter Series Lite Case - Black, Slim & Tough, Pocket-Friendly, with Open Access to Ports and Speakers (no Port Covers),",$19.99,,Save 5% at checkout,4.7 out of 5 stars,"1,434 ratings",False,False,https://www.amazon.com/OtterBox-Commuter-LITE-Case-OnePlus/dp/B094Q4DNW1/ref=sr_1_21?dib=eyJ2IjoiMSJ9.-5TGodiX0WEgjYNMgtHn9YxlpgFlaY7occ8mcvjADhKYzuEYV5dT5cUM6dP__2lFRRdPQ7g9-X4Rt7-77OsHBrnx2WioHLQaD7WYx18c-PveKuswBDhB6MvuPfXUQFWpGoKaXIRov2MI3Ll-BYIUzTrX22qoX8eqQxvAW6D6mRNBSFHH_u4wouRshGrKXlh0_hKz1SBgnhLFURIty9IZ2-aldQWDzysHm-iU92V1koQ.EXGlHLnPC_Bl_YTnWPRh4r1mufTBWcpFjDQcO-MY71Y&dib_tag=se&keywords=oneplus+cases&qid=1785307199&sr=8-21,B094Q4DNW1,https://m.media-amazon.com/images/I/511epBw4bkS._AC_UY218_.jpg
ENCASED Falcon Armor for OnePlus 10 Pro 5G Case (2022) Ultra Protective Phone Case with Fingerprint Access (Black),$14.99,,,4.5 out of 5 stars,126 ratings,False,False,https://www.amazon.com/Encased-OnePlus-Pro-Case-Fingerprint/dp/B09YYZJMGH/ref=sr_1_22?dib=eyJ2IjoiMSJ9.-5TGodiX0WEgjYNMgtHn9YxlpgFlaY7occ8mcvjADhKYzuEYV5dT5cUM6dP__2lFRRdPQ7g9-X4Rt7-77OsHBrnx2WioHLQaD7WYx18c-PveKuswBDhB6MvuPfXUQFWpGoKaXIRov2MI3Ll-BYIUzTrX22qoX8eqQxvAW6D6mRNBSFHH_u4wouRshGrKXlh0_hKz1SBgnhLFURIty9IZ2-aldQWDzysHm-iU92V1koQ.EXGlHLnPC_Bl_YTnWPRh4r1mufTBWcpFjDQcO-MY71Y&dib_tag=se&keywords=oneplus+cases&qid=1785307199&sr=8-22,B09YYZJMGH,https://m.media-amazon.com/images/I/71rWaOnb9sL._AC_UY218_.jpg
"FNTCASE for OnePlus 15 Case: Non Slip One Plus 15 Matte TPU Shockproof | With Screen Protector, 14FT Military Grade Drop Protection, Anti-Scratch, Protective Cell Phone Cover, for Daily Use, Black",$7.82,$8.99,-13%,4.6 out of 5 stars,"47,133 ratings",False,False,https://www.amazon.com/FNTCASE-OnePlus-15-Case-Anti-Fingerprint/dp/B0FZV32X8N/ref=sr_1_23?dib=eyJ2IjoiMSJ9.-5TGodiX0WEgjYNMgtHn9YxlpgFlaY7occ8mcvjADhKYzuEYV5dT5cUM6dP__2lFRRdPQ7g9-X4Rt7-77OsHBrnx2WioHLQaD7WYx18c-PveKuswBDhB6MvuPfXUQFWpGoKaXIRov2MI3Ll-BYIUzTrX22qoX8eqQxvAW6D6mRNBSFHH_u4wouRshGrKXlh0_hKz1SBgnhLFURIty9IZ2-aldQWDzysHm-iU92V1koQ.EXGlHLnPC_Bl_YTnWPRh4r1mufTBWcpFjDQcO-MY71Y&dib_tag=se&keywords=oneplus+cases&qid=1785307199&sr=8-23,B0FZV32X8N,https://m.media-amazon.com/images/I/71t5JMjdWWL._AC_UY218_.jpg
Ringke Onyx for OnePlus 15 Case [Compatible with MagSafe] Oil & Dirt Resistant Enhanced Grip Non-Slip Texture Lightweight Cover - Magnetic Black,$25.99,,,4.4 out of 5 stars,206 ratings,False,False,https://www.amazon.com/Ringke-Compatible-Resistant-Enhanced-Lightweight/dp/B0G3WH9BL6/ref=sr_1_24?dib=eyJ2IjoiMSJ9.-5TGodiX0WEgjYNMgtHn9YxlpgFlaY7occ8mcvjADhKYzuEYV5dT5cUM6dP__2lFRRdPQ7g9-X4Rt7-77OsHBrnx2WioHLQaD7WYx18c-PveKuswBDhB6MvuPfXUQFWpGoKaXIRov2MI3Ll-BYIUzTrX22qoX8eqQxvAW6D6mRNBSFHH_u4wouRshGrKXlh0_hKz1SBgnhLFURIty9IZ2-aldQWDzysHm-iU92V1koQ.EXGlHLnPC_Bl_YTnWPRh4r1mufTBWcpFjDQcO-MY71Y&dib_tag=se&keywords=oneplus+cases&qid=1785307199&sr=8-24,B0G3WH9BL6,https://m.media-amazon.com/images/I/71aNJYl0bqL._AC_UY218_.jpg
"ENCASED Falcon Armor Designed for OnePlus 9 Case with Screen Protector, Protective Full Body Cover with Built-in Screen Guard (Black) (OnePlus 9)",$14.99,,,4.4 out of 5 stars,508 ratings,False,False,https://www.amazon.com/Encased-Designed-OnePlus-Protector-Protective/dp/B094SL9HVM/ref=sr_1_25?dib=eyJ2IjoiMSJ9.-5TGodiX0WEgjYNMgtHn9YxlpgFlaY7occ8mcvjADhKYzuEYV5dT5cUM6dP__2lFRRdPQ7g9-X4Rt7-77OsHBrnx2WioHLQaD7WYx18c-PveKuswBDhB6MvuPfXUQFWpGoKaXIRov2MI3Ll-BYIUzTrX22qoX8eqQxvAW6D6mRNBSFHH_u4wouRshGrKXlh0_hKz1SBgnhLFURIty9IZ2-aldQWDzysHm-iU92V1koQ.EXGlHLnPC_Bl_YTnWPRh4r1mufTBWcpFjDQcO-MY71Y&dib_tag=se&keywords=oneplus+cases&qid=1785307199&sr=8-25,B094SL9HVM,https://m.media-amazon.com/images/I/71VEE1gnxLS._AC_UY218_.jpg
"ATUMP for OnePlus Nord N200 5G Case with HD Screen Protector with Slide Camera Cover, 360° Rotation Ring Kickstand [Military Grade] Shockproof Protective Case for OnePlus Nord N200 5G,Black",$7.77,,Save 5%,4.4 out of 5 stars,"2,043 ratings",False,False,https://www.amazon.com/ATUMP-OnePlus-Nord-N200-5G/dp/B0B214VLS8/ref=sr_1_26?dib=eyJ2IjoiMSJ9.-5TGodiX0WEgjYNMgtHn9YxlpgFlaY7occ8mcvjADhKYzuEYV5dT5cUM6dP__2lFRRdPQ7g9-X4Rt7-77OsHBrnx2WioHLQaD7WYx18c-PveKuswBDhB6MvuPfXUQFWpGoKaXIRov2MI3Ll-BYIUzTrX22qoX8eqQxvAW6D6mRNBSFHH_u4wouRshGrKXlh0_hKz1SBgnhLFURIty9IZ2-aldQWDzysHm-iU92V1koQ.EXGlHLnPC_Bl_YTnWPRh4r1mufTBWcpFjDQcO-MY71Y&dib_tag=se&keywords=oneplus+cases&qid=1785307199&sr=8-26,B0B214VLS8,https://m.media-amazon.com/images/I/81a-r8tw-fL._AC_UY218_.jpg
"GiiYoon Silicone Case Compatible with OnePlus 15R, Full Body Silky Soft Touch Phone Case with Camera Protection, Shockproof Cover with Microfiber Lining, Black",$9.69,,,4.2 out of 5 stars,"3,519 ratings",False,True,https://www.amazon.com/sspa/click?ie=UTF8&spc=MTo4ODQxNjYxMDY3MzE3OTMzOjE3ODUzMDcxOTk6c3BfbXRmOjMwMTE4ODY3Njc2MzkwMjo6MDo6&url=%2FGiiYoon-Compatible-15R-Protection-Shockproof%2Fdp%2FB0GCBMD58J%2Fref%3Dsr_1_27_sspa%3Fdib%3DeyJ2IjoiMSJ9.-5TGodiX0WEgjYNMgtHn9YxlpgFlaY7occ8mcvjADhKYzuEYV5dT5cUM6dP__2lFRRdPQ7g9-X4Rt7-77OsHBrnx2WioHLQaD7WYx18c-PveKuswBDhB6MvuPfXUQFWpGoKaXIRov2MI3Ll-BYIUzTrX22qoX8eqQxvAW6D6mRNBSFHH_u4wouRshGrKXlh0_hKz1SBgnhLFURIty9IZ2-aldQWDzysHm-iU92V1koQ.EXGlHLnPC_Bl_YTnWPRh4r1mufTBWcpFjDQcO-MY71Y%26dib_tag%3Dse%26keywords%3Doneplus%2Bcases%26qid%3D1785307199%26sr%3D8-27-spons%26sp_csd%3Dd2lkZ2V0TmFtZT1zcF9tdGY%26psc%3D1,B0GCBMD58J,https://m.media-amazon.com/images/I/61rNmStyHoL._AC_UY218_.jpg
"Poetic Revolution Case for OnePlus 15 5G, | Slide Camera Cover | 2 Tempered Glass Screen Protector | 20FT Mil-Grade Drop Tested | Full-Body Rugged Dual-Layer Shockproof Case with Kickstand, Black",$21.95,,5% off coupon applied,4.3 out of 5 stars,524 ratings,False,True,https://www.amazon.com/sspa/click?ie=UTF8&spc=MTo4ODQxNjYxMDY3MzE3OTMzOjE3ODUzMDcxOTk6c3BfbXRmOjMwMTA4NTM4MTAxNjYwMjo6MDo6&url=%2FPoetic-Revolution-Protector-Dual-Layer-Shockproof%2Fdp%2FB0G1SM43SH%2Fref%3Dsr_1_28_sspa%3Fdib%3DeyJ2IjoiMSJ9.-5TGodiX0WEgjYNMgtHn9YxlpgFlaY7occ8mcvjADhKYzuEYV5dT5cUM6dP__2lFRRdPQ7g9-X4Rt7-77OsHBrnx2WioHLQaD7WYx18c-PveKuswBDhB6MvuPfXUQFWpGoKaXIRov2MI3Ll-BYIUzTrX22qoX8eqQxvAW6D6mRNBSFHH_u4wouRshGrKXlh0_hKz1SBgnhLFURIty9IZ2-aldQWDzysHm-iU92V1koQ.EXGlHLnPC_Bl_YTnWPRh4r1mufTBWcpFjDQcO-MY71Y%26dib_tag%3Dse%26keywords%3Doneplus%2Bcases%26qid%3D1785307199%26sr%3D8-28-spons%26sp_csd%3Dd2lkZ2V0TmFtZT1zcF9tdGY%26psc%3D1,B0G1SM43SH,https://m.media-amazon.com/images/I/71OICkDXl2L._AC_UY218_.jpg
Nillkin for OnePlus 15 Case | Slide Camera Cover | Full Camera Protection | Shockproof Protective | Thin Slim Fit | Camera Lens Protector | Black ﻿,$16.99,,,4.6 out of 5 stars,602 ratings,False,False,https://www.amazon.com/Nillkin-Protection-Shockproof-Protective-Protector/dp/B0FY2XSTPJ/ref=sr_1_29?dib=eyJ2IjoiMSJ9.-5TGodiX0WEgjYNMgtHn9YxlpgFlaY7occ8mcvjADhKYzuEYV5dT5cUM6dP__2lFRRdPQ7g9-X4Rt7-77OsHBrnx2WioHLQaD7WYx18c-PveKuswBDhB6MvuPfXUQFWpGoKaXIRov2MI3Ll-BYIUzTrX22qoX8eqQxvAW6D6mRNBSFHH_u4wouRshGrKXlh0_hKz1SBgnhLFURIty9IZ2-aldQWDzysHm-iU92V1koQ.EXGlHLnPC_Bl_YTnWPRh4r1mufTBWcpFjDQcO-MY71Y&dib_tag=se&keywords=oneplus+cases&qid=1785307199&sr=8-29,B0FY2XSTPJ,https://m.media-amazon.com/images/I/71FcLMMvvxL._AC_UY218_.jpg
"Compatible with Oneplus 15 Case Slim Silicone Liquid Full Body Cover,Phone Case for Oneplus 15 Soft Shockproof Cute Anti-Scratch Microfiber Lining Funda para Protective (White)",$12.21,$13.68,Save 11%,4.4 out of 5 stars,12 ratings,False,False,https://www.amazon.com/Wousunly-Compatible-Shockproof-Anti-Scratch-Microfiber/dp/B0FYDNLLZY/ref=sr_1_30?dib=eyJ2IjoiMSJ9.-5TGodiX0WEgjYNMgtHn9YxlpgFlaY7occ8mcvjADhKYzuEYV5dT5cUM6dP__2lFRRdPQ7g9-X4Rt7-77OsHBrnx2WioHLQaD7WYx18c-PveKuswBDhB6MvuPfXUQFWpGoKaXIRov2MI3Ll-BYIUzTrX22qoX8eqQxvAW6D6mRNBSFHH_u4wouRshGrKXlh0_hKz1SBgnhLFURIty9IZ2-aldQWDzysHm-iU92V1koQ.EXGlHLnPC_Bl_YTnWPRh4r1mufTBWcpFjDQcO-MY71Y&dib_tag=se&keywords=oneplus+cases&qid=1785307199&sr=8-30,B0FYDNLLZY,https://m.media-amazon.com/images/I/61XS-FjBDOL._AC_UY218_.jpg
"Poetic Revolution Case Compatible with OnePlus 12 5G (2024), Built-in Screen Protector 【Work with Fingerprint ID】, Full Body Rugged Shockproof Protective Cover Case with Kickstand, Pink",$23.95,,,4.4 out of 5 stars,321 ratings,False,False,https://www.amazon.com/Poetic-Revolution-Fingerprint-Shockproof-Protective/dp/B0CSFD8BH3/ref=sr_1_31?dib=eyJ2IjoiMSJ9.-5TGodiX0WEgjYNMgtHn9YxlpgFlaY7occ8mcvjADhKYzuEYV5dT5cUM6dP__2lFRRdPQ7g9-X4Rt7-77OsHBrnx2WioHLQaD7WYx18c-PveKuswBDhB6MvuPfXUQFWpGoKaXIRov2MI3Ll-BYIUzTrX22qoX8eqQxvAW6D6mRNBSFHH_u4wouRshGrKXlh0_hKz1SBgnhLFURIty9IZ2-aldQWDzysHm-iU92V1koQ.EXGlHLnPC_Bl_YTnWPRh4r1mufTBWcpFjDQcO-MY71Y&dib_tag=se&keywords=oneplus+cases&qid=1785307199&sr=8-31,B0CSFD8BH3,https://m.media-amazon.com/images/I/710cCVioW4L._AC_UY218_.jpg
"Ringke for OnePlus 15 Case [Fusion-X Camo Black] | Enhanced Camera Lens Protection, Augmented Bumper, Comfortable Grip, Non-Slip, Heavy Duty Shockproof Protective Cover",$19.99,$20.99,-5%,4.7 out of 5 stars,"2,018 ratings",False,False,https://www.amazon.com/Ringke-Fusion-X-Enhanced-Shockproof-Protective/dp/B0G3VGQLF8/ref=sr_1_32?dib=eyJ2IjoiMSJ9.-5TGodiX0WEgjYNMgtHn9YxlpgFlaY7occ8mcvjADhKYzuEYV5dT5cUM6dP__2lFRRdPQ7g9-X4Rt7-77OsHBrnx2WioHLQaD7WYx18c-PveKuswBDhB6MvuPfXUQFWpGoKaXIRov2MI3Ll-BYIUzTrX22qoX8eqQxvAW6D6mRNBSFHH_u4wouRshGrKXlh0_hKz1SBgnhLFURIty9IZ2-aldQWDzysHm-iU92V1koQ.EXGlHLnPC_Bl_YTnWPRh4r1mufTBWcpFjDQcO-MY71Y&dib_tag=se&keywords=oneplus+cases&qid=1785307199&sr=8-32,B0G3VGQLF8,https://m.media-amazon.com/images/I/71ONs7s0PiL._AC_UY218_.jpg
"FNTCASE for OnePlus 15R Case, Fit for Magsafe, Screen Protector, Black | Translucent Matte Magnetic Back, 14FT Military Grade Drop Protection, Shockproof Protective Phone Cover",$8.09,$8.99,-10%,4.5 out of 5 stars,"31,888 ratings",False,False,https://www.amazon.com/FNTCASE-Oneplus-15R-Case-Translucent/dp/B0G1GSR3SK/ref=sr_1_33?dib=eyJ2IjoiMSJ9.-5TGodiX0WEgjYNMgtHn9YxlpgFlaY7occ8mcvjADhKYzuEYV5dT5cUM6dP__2lFRRdPQ7g9-X4Rt7-77OsHBrnx2WioHLQaD7WYx18c-PveKuswBDhB6MvuPfXUQFWpGoKaXIRov2MI3Ll-BYIUzTrX22qoX8eqQxvAW6D6mRNBSFHH_u4wouRshGrKXlh0_hKz1SBgnhLFURIty9IZ2-aldQWDzysHm-iU92V1koQ.EXGlHLnPC_Bl_YTnWPRh4r1mufTBWcpFjDQcO-MY71Y&dib_tag=se&keywords=oneplus+cases&qid=1785307199&sr=8-33,B0G1GSR3SK,https://m.media-amazon.com/images/I/7136V-8umqL._AC_UY218_.jpg
Spigen Liquid Air Designed for OnePlus 12 Case (2024) - Matte Black,$14.99,,,4.6 out of 5 stars,667 ratings,False,False,https://www.amazon.com/Spigen-Liquid-Designed-OnePlus-Case/dp/B0CM8451ND/ref=sr_1_34?dib=eyJ2IjoiMSJ9.-5TGodiX0WEgjYNMgtHn9YxlpgFlaY7occ8mcvjADhKYzuEYV5dT5cUM6dP__2lFRRdPQ7g9-X4Rt7-77OsHBrnx2WioHLQaD7WYx18c-PveKuswBDhB6MvuPfXUQFWpGoKaXIRov2MI3Ll-BYIUzTrX22qoX8eqQxvAW6D6mRNBSFHH_u4wouRshGrKXlh0_hKz1SBgnhLFURIty9IZ2-aldQWDzysHm-iU92V1koQ.EXGlHLnPC_Bl_YTnWPRh4r1mufTBWcpFjDQcO-MY71Y&dib_tag=se&keywords=oneplus+cases&qid=1785307199&sr=8-34,B0CM8451ND,https://m.media-amazon.com/images/I/71kxU2ROsDL._AC_UY218_.jpg
"FNTCASE for OnePlus 13 Case: Non Slip One Plus 13 Matte TPU Shockproof | 14FT Military Grade Drop Protection, Anti-Scratch, Anti-Fingerprint Protective Cell Phone Cover, for Daily Use, Blue",$8.99,,,4.6 out of 5 stars,"47,126 ratings",False,False,https://www.amazon.com/FNTCASE-OnePlus-13-Phone-Case/dp/B0FGJQ2NMG/ref=sr_1_35?dib=eyJ2IjoiMSJ9.-5TGodiX0WEgjYNMgtHn9YxlpgFlaY7occ8mcvjADhKYzuEYV5dT5cUM6dP__2lFRRdPQ7g9-X4Rt7-77OsHBrnx2WioHLQaD7WYx18c-PveKuswBDhB6MvuPfXUQFWpGoKaXIRov2MI3Ll-BYIUzTrX22qoX8eqQxvAW6D6mRNBSFHH_u4wouRshGrKXlh0_hKz1SBgnhLFURIty9IZ2-aldQWDzysHm-iU92V1koQ.EXGlHLnPC_Bl_YTnWPRh4r1mufTBWcpFjDQcO-MY71Y&dib_tag=se&keywords=oneplus+cases&qid=1785307199&sr=8-35,B0FGJQ2NMG,https://m.media-amazon.com/images/I/71TwKz8OKwL._AC_UY218_.jpg
"Poetic Revolution Case Compatible with OnePlus 12R 5G (2024), Built-in Screen Protector, Works with Fingerprint ID, Robust, Shockproof Full Body Protective Case with Stand, Black",$19.95,,5% off coupon applied,4.3 out of 5 stars,524 ratings,False,False,https://www.amazon.com/Poetic-Revolution-Fingerprint-Shockproof-Protective/dp/B0CXSYHSSD/ref=sr_1_36?dib=eyJ2IjoiMSJ9.-5TGodiX0WEgjYNMgtHn9YxlpgFlaY7occ8mcvjADhKYzuEYV5dT5cUM6dP__2lFRRdPQ7g9-X4Rt7-77OsHBrnx2WioHLQaD7WYx18c-PveKuswBDhB6MvuPfXUQFWpGoKaXIRov2MI3Ll-BYIUzTrX22qoX8eqQxvAW6D6mRNBSFHH_u4wouRshGrKXlh0_hKz1SBgnhLFURIty9IZ2-aldQWDzysHm-iU92V1koQ.EXGlHLnPC_Bl_YTnWPRh4r1mufTBWcpFjDQcO-MY71Y&dib_tag=se&keywords=oneplus+cases&qid=1785307199&sr=8-36,B0CXSYHSSD,https://m.media-amazon.com/images/I/7151ZTv1hiL._AC_UY218_.jpg
"Poetic Guardian Case for OnePlus 15R 5G, 20FT Mil-Grade Drop Tested | Tempered Glass Screen Protector, Full Body Shockproof Rugged Clear Cover Case, Purple/Clear",$22.95,,,4.4 out of 5 stars,"1,142 ratings",False,True,https://www.amazon.com/sspa/click?ie=UTF8&spc=MTo4ODQxNjYxMDY3MzE3OTMzOjE3ODUzMDcxOTk6c3BfYnRmOjMwMTE2NDU3NDUxODYwMjo6MDo6&url=%2FPoetic-Guardian-Mil-Grade-Protector-Shockproof%2Fdp%2FB0G3WSQGW1%2Fref%3Dsr_1_37_sspa%3Fdib%3DeyJ2IjoiMSJ9.-5TGodiX0WEgjYNMgtHn9YxlpgFlaY7occ8mcvjADhKYzuEYV5dT5cUM6dP__2lFRRdPQ7g9-X4Rt7-77OsHBrnx2WioHLQaD7WYx18c-PveKuswBDhB6MvuPfXUQFWpGoKaXIRov2MI3Ll-BYIUzTrX22qoX8eqQxvAW6D6mRNBSFHH_u4wouRshGrKXlh0_hKz1SBgnhLFURIty9IZ2-aldQWDzysHm-iU92V1koQ.EXGlHLnPC_Bl_YTnWPRh4r1mufTBWcpFjDQcO-MY71Y%26dib_tag%3Dse%26keywords%3Doneplus%2Bcases%26qid%3D1785307199%26sr%3D8-37-spons%26sp_csd%3Dd2lkZ2V0TmFtZT1zcF9idGY%26psc%3D1,B0G3WSQGW1,https://m.media-amazon.com/images/I/71MpxiuJlzL._AC_UY218_.jpg
"Silicone Case for OnePlus 15R, Mint Green | Soft Silicone Silky Touch Easy Clean, Shockproof Slim Phone Cover, Upgraded Camera Protection, Anti-Scratch Microfiber Lining",$9.99,,,4.6 out of 5 stars,"1,271 ratings",False,True,https://www.amazon.com/sspa/click?ie=UTF8&spc=MTo4ODQxNjYxMDY3MzE3OTMzOjE3ODUzMDcxOTk6c3BfYnRmOjMwMTE3ODMxMTEyNTcwMjo6MDo6&url=%2FBtstring-Silicone-Case-OnePlus-Green%2Fdp%2FB0GCMD78RJ%2Fref%3Dsr_1_38_sspa%3Fdib%3DeyJ2IjoiMSJ9.-5TGodiX0WEgjYNMgtHn9YxlpgFlaY7occ8mcvjADhKYzuEYV5dT5cUM6dP__2lFRRdPQ7g9-X4Rt7-77OsHBrnx2WioHLQaD7WYx18c-PveKuswBDhB6MvuPfXUQFWpGoKaXIRov2MI3Ll-BYIUzTrX22qoX8eqQxvAW6D6mRNBSFHH_u4wouRshGrKXlh0_hKz1SBgnhLFURIty9IZ2-aldQWDzysHm-iU92V1koQ.EXGlHLnPC_Bl_YTnWPRh4r1mufTBWcpFjDQcO-MY71Y%26dib_tag%3Dse%26keywords%3Doneplus%2Bcases%26qid%3D1785307199%26sr%3D8-38-spons%26sp_csd%3Dd2lkZ2V0TmFtZT1zcF9idGY%26psc%3D1,B0GCMD78RJ,https://m.media-amazon.com/images/I/61o4b1dBeLL._AC_UY218_.jpg
"for OnePlus 12 Case with Slide Camera Cover, 360° Rotation Ring Kickstand [Military Grade] Case for OnePlus 12 5G (Red)",$7.99,,,3.9 out of 5 stars,38 ratings,False,True,https://www.amazon.com/sspa/click?ie=UTF8&spc=MTo4OTI2NDM3MjA1ODc5Nzg3OjE3ODUzMDcyMDY6c3BfYXRmX25leHQ6MzAwMTY3MjAzMzQ0MjAyOjowOjo&url=%2FAKINIK-OnePlus-Rotation-Kickstand-Military%2Fdp%2FB0CWDDLXFX%2Fref%3Dsr_1_33_sspa%3Fdib%3DeyJ2IjoiMSJ9.kfxqJBtEup85xepvQxB4rKv8Qm9kkjE8mQJM_QovXmf5JWYa7v-6WvRsiI3r3qKYwDL0Ppr_9zPFyPzvCDly1Gv4OGvk7zyl5J-sTir2qVKsJZkfUYvU8H9t2igM6fP6sBVWsAHt0gM-AQCDJOag60ZHLRcg262HOwSfnAw9-cafbJWbBxwnXVeyBt3CJqWvYL7zJR7TV0DtQY2p4cWexfqVmP0AexPaF8LFz5xQVqw.b9kJ7BRVjhtBz4jCieNd41vBHtttvtHJMMEDFdkEd1Q%26dib_tag%3Dse%26keywords%3Doneplus%2Bcases%26qid%3D1785307206%26sr%3D8-33-spons%26sp_csd%3Dd2lkZ2V0TmFtZT1zcF9hdGZfbmV4dA%26psc%3D1,B0CWDDLXFX,https://m.media-amazon.com/images/I/71LKV9TNhIL._AC_UY218_.jpg
"Silverback for OnePlus 12 Case Clear with Ring Kickstand | Protective Soft TPU, Shock Absorbing Bumper, Shockproof, Transparent Slim",$9.99,,,4.1 out of 5 stars,15 ratings,False,True,https://www.amazon.com/sspa/click?ie=UTF8&spc=MTo4OTI2NDM3MjA1ODc5Nzg3OjE3ODUzMDcyMDY6c3BfYXRmX25leHQ6MzAwMzczMzE3OTQ4ODAyOjowOjo&url=%2FSilverback-Kickstand-Protective-Absorbing-Shockproof%2Fdp%2FB0D7VWCGT6%2Fref%3Dsr_1_34_sspa%3Fdib%3DeyJ2IjoiMSJ9.kfxqJBtEup85xepvQxB4rKv8Qm9kkjE8mQJM_QovXmf5JWYa7v-6WvRsiI3r3qKYwDL0Ppr_9zPFyPzvCDly1Gv4OGvk7zyl5J-sTir2qVKsJZkfUYvU8H9t2igM6fP6sBVWsAHt0gM-AQCDJOag60ZHLRcg262HOwSfnAw9-cafbJWbBxwnXVeyBt3CJqWvYL7zJR7TV0DtQY2p4cWexfqVmP0AexPaF8LFz5xQVqw.b9kJ7BRVjhtBz4jCieNd41vBHtttvtHJMMEDFdkEd1Q%26dib_tag%3Dse%26keywords%3Doneplus%2Bcases%26qid%3D1785307206%26sr%3D8-34-spons%26sp_csd%3Dd2lkZ2V0TmFtZT1zcF9hdGZfbmV4dA%26psc%3D1,B0D7VWCGT6,https://m.media-amazon.com/images/I/71jFc6oJJ6L._AC_UY218_.jpg
"for OnePlus 8【Not fit 8T】 Case, for OnePlus 1+8 Case Dual Layer Protective Heavy Duty Armor Rugged [Military-Grade] Protective，for OnePlus 8 Magnetic Kickstand Car Holder Slim Phone Case",$8.58,,,4.2 out of 5 stars,41 ratings,False,False,https://www.amazon.com/Anvzle-Protective-Military-Grade-Protective%EF%BC%8C-Kickstand/dp/B0DLGM498J/ref=sr_1_35?dib=eyJ2IjoiMSJ9.kfxqJBtEup85xepvQxB4rKv8Qm9kkjE8mQJM_QovXmf5JWYa7v-6WvRsiI3r3qKYwDL0Ppr_9zPFyPzvCDly1Gv4OGvk7zyl5J-sTir2qVKsJZkfUYvU8H9t2igM6fP6sBVWsAHt0gM-AQCDJOag60ZHLRcg262HOwSfnAw9-cafbJWbBxwnXVeyBt3CJqWvYL7zJR7TV0DtQY2p4cWexfqVmP0AexPaF8LFz5xQVqw.b9kJ7BRVjhtBz4jCieNd41vBHtttvtHJMMEDFdkEd1Q&dib_tag=se&keywords=oneplus+cases&qid=1785307206&sr=8-35,B0DLGM498J,https://m.media-amazon.com/images/I/61oVXGVGk9L._AC_UY218_.jpg
"Nillkin for OnePlus 15 MagSafe Case, MagSafe Compatible, Matte Translucent | Military Grade Drop Tested | Shockproof Slim One Plus 15 Case | Frosted Shield Pro Case for OnePlus 15, Translucent Black",$21.99,$23.99,10% off coupon applied,4.5 out of 5 stars,66 ratings,False,False,https://www.amazon.com/Nillkin-Magnetic-Compatible-Shockproof-Transparent/dp/B0FY32PL98/ref=sr_1_36?dib=eyJ2IjoiMSJ9.kfxqJBtEup85xepvQxB4rKv8Qm9kkjE8mQJM_QovXmf5JWYa7v-6WvRsiI3r3qKYwDL0Ppr_9zPFyPzvCDly1Gv4OGvk7zyl5J-sTir2qVKsJZkfUYvU8H9t2igM6fP6sBVWsAHt0gM-AQCDJOag60ZHLRcg262HOwSfnAw9-cafbJWbBxwnXVeyBt3CJqWvYL7zJR7TV0DtQY2p4cWexfqVmP0AexPaF8LFz5xQVqw.b9kJ7BRVjhtBz4jCieNd41vBHtttvtHJMMEDFdkEd1Q&dib_tag=se&keywords=oneplus+cases&qid=1785307206&sr=8-36,B0FY32PL98,https://m.media-amazon.com/images/I/71OSfmdEy+L._AC_UY218_.jpg
Dionsibei Military Grade Drop Impact for Oneplus Nord N200 5G Case 360 Metal Rotating Ring Kickstand Holder Armor Heavy Duty Shockproof for Oneplus Nord N200 5G Phone Case (Red),$7.88,,,4.5 out of 5 stars,"1,069 ratings",False,False,https://www.amazon.com/Military-Oneplus-Rotating-Kickstand-Shockproof/dp/B09F72K1NW/ref=sr_1_37?dib=eyJ2IjoiMSJ9.kfxqJBtEup85xepvQxB4rKv8Qm9kkjE8mQJM_QovXmf5JWYa7v-6WvRsiI3r3qKYwDL0Ppr_9zPFyPzvCDly1Gv4OGvk7zyl5J-sTir2qVKsJZkfUYvU8H9t2igM6fP6sBVWsAHt0gM-AQCDJOag60ZHLRcg262HOwSfnAw9-cafbJWbBxwnXVeyBt3CJqWvYL7zJR7TV0DtQY2p4cWexfqVmP0AexPaF8LFz5xQVqw.b9kJ7BRVjhtBz4jCieNd41vBHtttvtHJMMEDFdkEd1Q&dib_tag=se&keywords=oneplus+cases&qid=1785307206&sr=8-37,B09F72K1NW,https://m.media-amazon.com/images/I/71ZkWrm9ikL._AC_UY218_.jpg
"for OnePlus Nord N30 5G Phone Case with 3 Pack Tempered Glass Screen Protectors, Soft Liquid Silicone TPU with Microfiber Liner Full-Body Protective Cover Case for OnePlus Nord N30, Gray",$9.99,,5% off coupon applied,4.4 out of 5 stars,252 ratings,False,False,https://www.amazon.com/Neseovge-Nord-N30-5G-Gray/dp/B0CKMV7GQH/ref=sr_1_38?dib=eyJ2IjoiMSJ9.kfxqJBtEup85xepvQxB4rKv8Qm9kkjE8mQJM_QovXmf5JWYa7v-6WvRsiI3r3qKYwDL0Ppr_9zPFyPzvCDly1Gv4OGvk7zyl5J-sTir2qVKsJZkfUYvU8H9t2igM6fP6sBVWsAHt0gM-AQCDJOag60ZHLRcg262HOwSfnAw9-cafbJWbBxwnXVeyBt3CJqWvYL7zJR7TV0DtQY2p4cWexfqVmP0AexPaF8LFz5xQVqw.b9kJ7BRVjhtBz4jCieNd41vBHtttvtHJMMEDFdkEd1Q&dib_tag=se&keywords=oneplus+cases&qid=1785307206&sr=8-38,B0CKMV7GQH,https://m.media-amazon.com/images/I/616MSPED7HL._AC_UY218_.jpg
"Poetic Revolution Case for OnePlus Nord N30 5G, [20FT Mil-Grade Drop Tested], Full-Body Rugged Dual-Layer Shockproof Protective Cover with Kickstand and Built-in-Screen Protector, Black",$17.95,,5% off coupon applied,4.5 out of 5 stars,471 ratings,False,False,https://www.amazon.com/Poetic-Revolution-Dual-Layer-Shockproof-Protective/dp/B0C6M543B7/ref=sr_1_39?dib=eyJ2IjoiMSJ9.kfxqJBtEup85xepvQxB4rKv8Qm9kkjE8mQJM_QovXmf5JWYa7v-6WvRsiI3r3qKYwDL0Ppr_9zPFyPzvCDly1Gv4OGvk7zyl5J-sTir2qVKsJZkfUYvU8H9t2igM6fP6sBVWsAHt0gM-AQCDJOag60ZHLRcg262HOwSfnAw9-cafbJWbBxwnXVeyBt3CJqWvYL7zJR7TV0DtQY2p4cWexfqVmP0AexPaF8LFz5xQVqw.b9kJ7BRVjhtBz4jCieNd41vBHtttvtHJMMEDFdkEd1Q&dib_tag=se&keywords=oneplus+cases&qid=1785307206&sr=8-39,B0C6M543B7,https://m.media-amazon.com/images/I/71C5PA0N-bL._AC_UY218_.jpg
"case for OnePlus 15 Magnetic Mobile Phone Case,Translucent Matte Retro Shockproof Cell Phone Case [Triple Protection] Shockproof, Shock Absorbent, Camera Lens Protection (Matte Black)",$4.25,,,4.3 out of 5 stars,64 ratings,False,False,https://www.amazon.com/Suttkue-OnePlus-Translucent-Shockproof-Protection/dp/B0FX97PHDF/ref=sr_1_40?dib=eyJ2IjoiMSJ9.kfxqJBtEup85xepvQxB4rKv8Qm9kkjE8mQJM_QovXmf5JWYa7v-6WvRsiI3r3qKYwDL0Ppr_9zPFyPzvCDly1Gv4OGvk7zyl5J-sTir2qVKsJZkfUYvU8H9t2igM6fP6sBVWsAHt0gM-AQCDJOag60ZHLRcg262HOwSfnAw9-cafbJWbBxwnXVeyBt3CJqWvYL7zJR7TV0DtQY2p4cWexfqVmP0AexPaF8LFz5xQVqw.b9kJ7BRVjhtBz4jCieNd41vBHtttvtHJMMEDFdkEd1Q&dib_tag=se&keywords=oneplus+cases&qid=1785307206&sr=8-40,B0FX97PHDF,https://m.media-amazon.com/images/I/71EIzJsEzhL._AC_UY218_.jpg
"MAKAVO Magnetic for OnePlus 13R Case [Fit for MagSafe] Translucent Matte Shockproof Phone Case with Camera Cover, One Plus 13R Slim Thin Yet Military Grade Drop Proof Silicone Bumper Case, Black",$12.99,,,4.5 out of 5 stars,433 ratings,False,False,https://www.amazon.com/MAKAVO-Magnetic-Translucent-Shockproof-Military/dp/B0DSCY8WFJ/ref=sr_1_41?dib=eyJ2IjoiMSJ9.kfxqJBtEup85xepvQxB4rKv8Qm9kkjE8mQJM_QovXmf5JWYa7v-6WvRsiI3r3qKYwDL0Ppr_9zPFyPzvCDly1Gv4OGvk7zyl5J-sTir2qVKsJZkfUYvU8H9t2igM6fP6sBVWsAHt0gM-AQCDJOag60ZHLRcg262HOwSfnAw9-cafbJWbBxwnXVeyBt3CJqWvYL7zJR7TV0DtQY2p4cWexfqVmP0AexPaF8LFz5xQVqw.b9kJ7BRVjhtBz4jCieNd41vBHtttvtHJMMEDFdkEd1Q&dib_tag=se&keywords=oneplus+cases&qid=1785307206&sr=8-41,B0DSCY8WFJ,https://m.media-amazon.com/images/I/71u1mbjm1JL._AC_UY218_.jpg
"for OnePlus Nord N20 5G Case with Slide Camera Cover and 2pcs HD Screen Protector, 360° Rotation Ring Kickstand [Military Grade] Case for OnePlus Nord N20 5G (Black)",$7.99,,,4.5 out of 5 stars,254 ratings,False,False,https://www.amazon.com/AKINIK-OnePlus-Nord-N20-Case/dp/B0C84WV34X/ref=sr_1_42?dib=eyJ2IjoiMSJ9.kfxqJBtEup85xepvQxB4rKv8Qm9kkjE8mQJM_QovXmf5JWYa7v-6WvRsiI3r3qKYwDL0Ppr_9zPFyPzvCDly1Gv4OGvk7zyl5J-sTir2qVKsJZkfUYvU8H9t2igM6fP6sBVWsAHt0gM-AQCDJOag60ZHLRcg262HOwSfnAw9-cafbJWbBxwnXVeyBt3CJqWvYL7zJR7TV0DtQY2p4cWexfqVmP0AexPaF8LFz5xQVqw.b9kJ7BRVjhtBz4jCieNd41vBHtttvtHJMMEDFdkEd1Q&dib_tag=se&keywords=oneplus+cases&qid=1785307206&sr=8-42,B0C84WV34X,https://m.media-amazon.com/images/I/81Q7xA9M8lL._AC_UY218_.jpg
"GiiYoon Silicone Case Compatible with OnePlus 15R, Full Body Silky Soft Touch Phone Case with Camera Protection, Shockproof Cover with Microfiber Lining, Black",$9.69,,,4.2 out of 5 stars,"3,519 ratings",False,True,https://www.amazon.com/sspa/click?ie=UTF8&spc=MTo4OTI2NDM3MjA1ODc5Nzg3OjE3ODUzMDcyMDY6c3BfbXRmOjMwMTE4ODY3Njc2MzkwMjo6MDo6&url=%2FGiiYoon-Compatible-15R-Protection-Shockproof%2Fdp%2FB0GCBMD58J%2Fref%3Dsr_1_43_sspa%3Fdib%3DeyJ2IjoiMSJ9.kfxqJBtEup85xepvQxB4rKv8Qm9kkjE8mQJM_QovXmf5JWYa7v-6WvRsiI3r3qKYwDL0Ppr_9zPFyPzvCDly1Gv4OGvk7zyl5J-sTir2qVKsJZkfUYvU8H9t2igM6fP6sBVWsAHt0gM-AQCDJOag60ZHLRcg262HOwSfnAw9-cafbJWbBxwnXVeyBt3CJqWvYL7zJR7TV0DtQY2p4cWexfqVmP0AexPaF8LFz5xQVqw.b9kJ7BRVjhtBz4jCieNd41vBHtttvtHJMMEDFdkEd1Q%26dib_tag%3Dse%26keywords%3Doneplus%2Bcases%26qid%3D1785307206%26sr%3D8-43-spons%26sp_csd%3Dd2lkZ2V0TmFtZT1zcF9tdGY%26psc%3D1,B0GCBMD58J,https://m.media-amazon.com/images/I/61rNmStyHoL._AC_UY218_.jpg
kwmobile Case Compatible with OnePlus 9 Pro Case - Soft Slim Protective TPU Silicone Cover - Black Matte,$8.39,,Save 10%,4.2 out of 5 stars,203 ratings,False,True,https://www.amazon.com/sspa/click?ie=UTF8&spc=MTo4OTI2NDM3MjA1ODc5Nzg3OjE3ODUzMDcyMDY6c3BfbXRmOjMwMDY3Nzc4OTE5MDAwMjo6MDo6&url=%2Fkwmobile-TPU-Case-Compatible-OnePlus%2Fdp%2FB08XVR5FP8%2Fref%3Dsr_1_44_sspa%3Fdib%3DeyJ2IjoiMSJ9.kfxqJBtEup85xepvQxB4rKv8Qm9kkjE8mQJM_QovXmf5JWYa7v-6WvRsiI3r3qKYwDL0Ppr_9zPFyPzvCDly1Gv4OGvk7zyl5J-sTir2qVKsJZkfUYvU8H9t2igM6fP6sBVWsAHt0gM-AQCDJOag60ZHLRcg262HOwSfnAw9-cafbJWbBxwnXVeyBt3CJqWvYL7zJR7TV0DtQY2p4cWexfqVmP0AexPaF8LFz5xQVqw.b9kJ7BRVjhtBz4jCieNd41vBHtttvtHJMMEDFdkEd1Q%26dib_tag%3Dse%26keywords%3Doneplus%2Bcases%26qid%3D1785307206%26sr%3D8-44-spons%26sp_csd%3Dd2lkZ2V0TmFtZT1zcF9tdGY%26psc%3D1,B08XVR5FP8,https://m.media-amazon.com/images/I/61FEn8DNlZS._AC_UY218_.jpg
"MAKAVO Magnetic for OnePlus 13 Case [Compatible with MagSafe] Translucent Matte Shockproof Phone Case with Camera Cover, One Plus 13 Slim Thin Yet Military Grade Drop Proof Silicone Bumper Case, Blue",$14.99,,,4.4 out of 5 stars,113 ratings,False,False,https://www.amazon.com/MAKAVO-Magnetic-Compatible-Translucent-Shockproof/dp/B0DRCCCXWQ/ref=sr_1_45?dib=eyJ2IjoiMSJ9.kfxqJBtEup85xepvQxB4rKv8Qm9kkjE8mQJM_QovXmf5JWYa7v-6WvRsiI3r3qKYwDL0Ppr_9zPFyPzvCDly1Gv4OGvk7zyl5J-sTir2qVKsJZkfUYvU8H9t2igM6fP6sBVWsAHt0gM-AQCDJOag60ZHLRcg262HOwSfnAw9-cafbJWbBxwnXVeyBt3CJqWvYL7zJR7TV0DtQY2p4cWexfqVmP0AexPaF8LFz5xQVqw.b9kJ7BRVjhtBz4jCieNd41vBHtttvtHJMMEDFdkEd1Q&dib_tag=se&keywords=oneplus+cases&qid=1785307206&sr=8-45,B0DRCCCXWQ,https://m.media-amazon.com/images/I/71+z15tV8VL._AC_UY218_.jpg
"Designed for OnePlus 15 Case, Flexible TPU [Brushed Texture] [Anti-Slip] Shockproof Military Protection Bumper Phone Case,Slim Case Cover for One Plus 15 5G,Black",$3.34,$4.78,Save 5%,4.4 out of 5 stars,628 ratings,False,False,https://www.amazon.com/Natbok-15-Anti-Slip-Shockproof-Protection/dp/B0FXL48TVC/ref=sr_1_46?dib=eyJ2IjoiMSJ9.kfxqJBtEup85xepvQxB4rKv8Qm9kkjE8mQJM_QovXmf5JWYa7v-6WvRsiI3r3qKYwDL0Ppr_9zPFyPzvCDly1Gv4OGvk7zyl5J-sTir2qVKsJZkfUYvU8H9t2igM6fP6sBVWsAHt0gM-AQCDJOag60ZHLRcg262HOwSfnAw9-cafbJWbBxwnXVeyBt3CJqWvYL7zJR7TV0DtQY2p4cWexfqVmP0AexPaF8LFz5xQVqw.b9kJ7BRVjhtBz4jCieNd41vBHtttvtHJMMEDFdkEd1Q&dib_tag=se&keywords=oneplus+cases&qid=1785307206&sr=8-46,B0FXL48TVC,https://m.media-amazon.com/images/I/71m4ZB+MFaL._AC_UY218_.jpg
"Magnetic Leather Case for OnePlus Open with Rotating Kickstand & Hand Strap, Premium Vegan Leather & Full Hinge & Camera Protection, All-Around Shockproof Protection Stand Cover, Black",$28.99,,,4.6 out of 5 stars,18 ratings,False,False,https://www.amazon.com/zifiuzem-Kickstand-Protection-All-Around-Shockproof/dp/B0GFCRV14T/ref=sr_1_47?dib=eyJ2IjoiMSJ9.kfxqJBtEup85xepvQxB4rKv8Qm9kkjE8mQJM_QovXmf5JWYa7v-6WvRsiI3r3qKYwDL0Ppr_9zPFyPzvCDly1Gv4OGvk7zyl5J-sTir2qVKsJZkfUYvU8H9t2igM6fP6sBVWsAHt0gM-AQCDJOag60ZHLRcg262HOwSfnAw9-cafbJWbBxwnXVeyBt3CJqWvYL7zJR7TV0DtQY2p4cWexfqVmP0AexPaF8LFz5xQVqw.b9kJ7BRVjhtBz4jCieNd41vBHtttvtHJMMEDFdkEd1Q&dib_tag=se&keywords=oneplus+cases&qid=1785307206&sr=8-47,B0GFCRV14T,https://m.media-amazon.com/images/I/81ambbnF2XL._AC_UY218_.jpg
"for Oneplus Open Case with 360° Magnetic Rotatable Ring Stand, Built-in Screen Protector & Hinge Protection, Thin & Slim Magnetic Stand Phone Case 5G, Green",$23.99,,,4.2 out of 5 stars,50 ratings,False,False,https://www.amazon.com/zifiuzem-Magnetic-Rotatable-Protector-Protection/dp/B0F83Z57X1/ref=sr_1_48?dib=eyJ2IjoiMSJ9.kfxqJBtEup85xepvQxB4rKv8Qm9kkjE8mQJM_QovXmf5JWYa7v-6WvRsiI3r3qKYwDL0Ppr_9zPFyPzvCDly1Gv4OGvk7zyl5J-sTir2qVKsJZkfUYvU8H9t2igM6fP6sBVWsAHt0gM-AQCDJOag60ZHLRcg262HOwSfnAw9-cafbJWbBxwnXVeyBt3CJqWvYL7zJR7TV0DtQY2p4cWexfqVmP0AexPaF8LFz5xQVqw.b9kJ7BRVjhtBz4jCieNd41vBHtttvtHJMMEDFdkEd1Q&dib_tag=se&keywords=oneplus+cases&qid=1785307206&sr=8-48,B0F83Z57X1,https://m.media-amazon.com/images/I/719KvCxpLsL._AC_UY218_.jpg
"Designed for OnePlus 15R Case,Flexible TPU [Brushed Texture] [Anti-Slip] Shockproof Military Protection Bumper Phone Case,Slim Case Cover for One Plus 15R,Black",$4.36,,Save 5%,4.4 out of 5 stars,293 ratings,False,False,https://www.amazon.com/Natbok-15R-Anti-Slip-Shockproof-Protection/dp/B0FZSZYCSP/ref=sr_1_49?dib=eyJ2IjoiMSJ9.kfxqJBtEup85xepvQxB4rKv8Qm9kkjE8mQJM_QovXmf5JWYa7v-6WvRsiI3r3qKYwDL0Ppr_9zPFyPzvCDly1Gv4OGvk7zyl5J-sTir2qVKsJZkfUYvU8H9t2igM6fP6sBVWsAHt0gM-AQCDJOag60ZHLRcg262HOwSfnAw9-cafbJWbBxwnXVeyBt3CJqWvYL7zJR7TV0DtQY2p4cWexfqVmP0AexPaF8LFz5xQVqw.b9kJ7BRVjhtBz4jCieNd41vBHtttvtHJMMEDFdkEd1Q&dib_tag=se&keywords=oneplus+cases&qid=1785307206&sr=8-49,B0FZSZYCSP,https://m.media-amazon.com/images/I/71OAkN4t6pL._AC_UY218_.jpg
TUDIA MergeGrip [Magsafe Compatible] for OnePlus 15 5G Case (2025) - [Military Grade Drop Tested] Dual Layer Shockproof Slim Rugged Heavy Duty Tough Protective Phone Case Cover - Black,$26.59,$27.99,Save 5%,4.6 out of 5 stars,234 ratings,False,False,https://www.amazon.com/TUDIA-MergeGrip-Magsafe-Compatible-OnePlus/dp/B0FZFXWQCP/ref=sr_1_50?dib=eyJ2IjoiMSJ9.kfxqJBtEup85xepvQxB4rKv8Qm9kkjE8mQJM_QovXmf5JWYa7v-6WvRsiI3r3qKYwDL0Ppr_9zPFyPzvCDly1Gv4OGvk7zyl5J-sTir2qVKsJZkfUYvU8H9t2igM6fP6sBVWsAHt0gM-AQCDJOag60ZHLRcg262HOwSfnAw9-cafbJWbBxwnXVeyBt3CJqWvYL7zJR7TV0DtQY2p4cWexfqVmP0AexPaF8LFz5xQVqw.b9kJ7BRVjhtBz4jCieNd41vBHtttvtHJMMEDFdkEd1Q&dib_tag=se&keywords=oneplus+cases&qid=1785307206&sr=8-50,B0FZFXWQCP,https://m.media-amazon.com/images/I/717vS2k8feL._AC_UY218_.jpg
"Poetic Guardian Case Compatible with OnePlus 12 5G (2024), Built-in Screen Protector, Works with Fingerprint ID, Shockproof, Robust, Transparent, Full Body Hybrid Case, Black/Clear",$20.95,,,4.4 out of 5 stars,"1,144 ratings",False,False,https://www.amazon.com/Poetic-Compatible-Fingerprint-Shockproof-Protective/dp/B0CSFFXZW1/ref=sr_1_51?dib=eyJ2IjoiMSJ9.kfxqJBtEup85xepvQxB4rKv8Qm9kkjE8mQJM_QovXmf5JWYa7v-6WvRsiI3r3qKYwDL0Ppr_9zPFyPzvCDly1Gv4OGvk7zyl5J-sTir2qVKsJZkfUYvU8H9t2igM6fP6sBVWsAHt0gM-AQCDJOag60ZHLRcg262HOwSfnAw9-cafbJWbBxwnXVeyBt3CJqWvYL7zJR7TV0DtQY2p4cWexfqVmP0AexPaF8LFz5xQVqw.b9kJ7BRVjhtBz4jCieNd41vBHtttvtHJMMEDFdkEd1Q&dib_tag=se&keywords=oneplus+cases&qid=1785307206&sr=8-51,B0CSFFXZW1,https://m.media-amazon.com/images/I/71VnkDXXuaL._AC_UY218_.jpg
"Zeking for OnePlus Open Case, Crystal Clear Slim Fit Thin Lightweight Hard PC Bumper Shockproof Protection Reinforced Corners Case Cover for OnePlus Open",$7.60,,8% off coupon applied,3.9 out of 5 stars,17 ratings,False,False,https://www.amazon.com/Zeking-Lightweight-Shockproof-Protection-Reinforced/dp/B0CLR8BHSG/ref=sr_1_52?dib=eyJ2IjoiMSJ9.kfxqJBtEup85xepvQxB4rKv8Qm9kkjE8mQJM_QovXmf5JWYa7v-6WvRsiI3r3qKYwDL0Ppr_9zPFyPzvCDly1Gv4OGvk7zyl5J-sTir2qVKsJZkfUYvU8H9t2igM6fP6sBVWsAHt0gM-AQCDJOag60ZHLRcg262HOwSfnAw9-cafbJWbBxwnXVeyBt3CJqWvYL7zJR7TV0DtQY2p4cWexfqVmP0AexPaF8LFz5xQVqw.b9kJ7BRVjhtBz4jCieNd41vBHtttvtHJMMEDFdkEd1Q&dib_tag=se&keywords=oneplus+cases&qid=1785307206&sr=8-52,B0CLR8BHSG,https://m.media-amazon.com/images/I/71EuEt8OkiL._AC_UY218_.jpg
"Silicone Case for OnePlus 15, Deep Purple | Soft Silicone Silky Touch Easy Clean, Shockproof Slim Phone Cover, Upgraded Camera Protection, Anti-Scratch Microfiber Lining",$9.99,$11.99,Save 17%,4.6 out of 5 stars,"1,271 ratings",False,True,https://www.amazon.com/sspa/click?ie=UTF8&spc=MTo4OTI2NDM3MjA1ODc5Nzg3OjE3ODUzMDcyMDY6c3BfYnRmOjMwMTE3NTIxNjI1OTUwMjo6MDo6&url=%2FBtstring-Silicone-Case-OnePlus-Purple%2Fdp%2FB0G19D4KW4%2Fref%3Dsr_1_53_sspa%3Fdib%3DeyJ2IjoiMSJ9.kfxqJBtEup85xepvQxB4rKv8Qm9kkjE8mQJM_QovXmf5JWYa7v-6WvRsiI3r3qKYwDL0Ppr_9zPFyPzvCDly1Gv4OGvk7zyl5J-sTir2qVKsJZkfUYvU8H9t2igM6fP6sBVWsAHt0gM-AQCDJOag60ZHLRcg262HOwSfnAw9-cafbJWbBxwnXVeyBt3CJqWvYL7zJR7TV0DtQY2p4cWexfqVmP0AexPaF8LFz5xQVqw.b9kJ7BRVjhtBz4jCieNd41vBHtttvtHJMMEDFdkEd1Q%26dib_tag%3Dse%26keywords%3Doneplus%2Bcases%26qid%3D1785307206%26sr%3D8-53-spons%26sp_csd%3Dd2lkZ2V0TmFtZT1zcF9idGY%26psc%3D1,B0G19D4KW4,https://m.media-amazon.com/images/I/614K1BFU4NL._AC_UY218_.jpg
for oneplus 15 Case 5G [Buffertech Military-Grade Drop Protection] [Anti Peel Off Tech] Clear TPU Marble and Flowers Bumper Phone Case Cover Design (Pink Gold with Holder),$19.99,,5% off coupon applied,,,False,True,https://www.amazon.com/sspa/click?ie=UTF8&spc=MTo4OTI2NDM3MjA1ODc5Nzg3OjE3ODUzMDcyMDY6c3BfYnRmOjMwMTEwMTY3NjM0MDEwMjo6MDo6&url=%2FEMUYGIU-oneplus-15-Buffertech-Military-Grade%2Fdp%2FB0G1JPZMW9%2Fref%3Dsr_1_54_sspa%3Fdib%3DeyJ2IjoiMSJ9.kfxqJBtEup85xepvQxB4rKv8Qm9kkjE8mQJM_QovXmf5JWYa7v-6WvRsiI3r3qKYwDL0Ppr_9zPFyPzvCDly1Gv4OGvk7zyl5J-sTir2qVKsJZkfUYvU8H9t2igM6fP6sBVWsAHt0gM-AQCDJOag60ZHLRcg262HOwSfnAw9-cafbJWbBxwnXVeyBt3CJqWvYL7zJR7TV0DtQY2p4cWexfqVmP0AexPaF8LFz5xQVqw.b9kJ7BRVjhtBz4jCieNd41vBHtttvtHJMMEDFdkEd1Q%26dib_tag%3Dse%26keywords%3Doneplus%2Bcases%26qid%3D1785307206%26sr%3D8-54-spons%26sp_csd%3Dd2lkZ2V0TmFtZT1zcF9idGY%26psc%3D1,B0G1JPZMW9,https://m.media-amazon.com/images/I/71p9aBK55RL._AC_UY218_.jpg
"for OnePlus 12 Case with Slide Camera Cover, 360° Rotation Ring Kickstand [Military Grade] Case for OnePlus 12 5G (Green)",$6.99,,,3.9 out of 5 stars,38 ratings,False,True,https://www.amazon.com/sspa/click?ie=UTF8&spc=MTozNDAwODg5ODI2Mzc4NTYwOjE3ODUzMDcyMTM6c3BfYXRmX25leHQ6MzAwMTY3MjAzMzQ2MTAyOjowOjo&url=%2FAKINIK-OnePlus-Rotation-Kickstand-Military%2Fdp%2FB0CWDFK8WY%2Fref%3Dsr_1_49_sspa%3Fdib%3DeyJ2IjoiMSJ9.oJGyRF6hD1VpbULCjytDBTR9BiI9phG-wG5VVcd9NabjtqjTkSMNF6qd5ob5WzpZvn8r9UJsvIJvRmo4wi_MJjjOo5-qbZG85PCDRPWfCG-HPLyl9hHkwMIWS6wAXRJN85WMZ_jrxXPTMpyUfGJ6DTdZtlCHZiCEG2HE_iFlq2D3sRGo_zfVwrhAY_60MY9uhlR51o9zlin92cS5Iyh8oeU_IcbPF8lkQ4xd5hb6hkk.c8anwToX7O5YtH4o0yJtehlFiMhM7bQbrD5CW3y9nzM%26dib_tag%3Dse%26keywords%3Doneplus%2Bcases%26qid%3D1785307213%26sr%3D8-49-spons%26sp_csd%3Dd2lkZ2V0TmFtZT1zcF9hdGZfbmV4dA%26psc%3D1,B0CWDFK8WY,https://m.media-amazon.com/images/I/71rfMVwxRBL._AC_UY218_.jpg
"Poetic Guardian Case for OnePlus 15R 5G, 20FT Mil-Grade Drop Tested | Tempered Glass Screen Protector, Full Body Shockproof Rugged Clear Cover Case, Purple/Clear",$22.95,,,4.4 out of 5 stars,"1,144 ratings",False,True,https://www.amazon.com/sspa/click?ie=UTF8&spc=MTozNDAwODg5ODI2Mzc4NTYwOjE3ODUzMDcyMTM6c3BfYXRmX25leHQ6MzAxMTY0NTc0NTE4NjAyOjowOjo&url=%2FPoetic-Guardian-Mil-Grade-Protector-Shockproof%2Fdp%2FB0G3WSQGW1%2Fref%3Dsr_1_50_sspa%3Fdib%3DeyJ2IjoiMSJ9.oJGyRF6hD1VpbULCjytDBTR9BiI9phG-wG5VVcd9NabjtqjTkSMNF6qd5ob5WzpZvn8r9UJsvIJvRmo4wi_MJjjOo5-qbZG85PCDRPWfCG-HPLyl9hHkwMIWS6wAXRJN85WMZ_jrxXPTMpyUfGJ6DTdZtlCHZiCEG2HE_iFlq2D3sRGo_zfVwrhAY_60MY9uhlR51o9zlin92cS5Iyh8oeU_IcbPF8lkQ4xd5hb6hkk.c8anwToX7O5YtH4o0yJtehlFiMhM7bQbrD5CW3y9nzM%26dib_tag%3Dse%26keywords%3Doneplus%2Bcases%26qid%3D1785307213%26sr%3D8-50-spons%26sp_csd%3Dd2lkZ2V0TmFtZT1zcF9hdGZfbmV4dA%26psc%3D1,B0G3WSQGW1,https://m.media-amazon.com/images/I/71MpxiuJlzL._AC_UY218_.jpg
"FNTCASE for Oneplus 15 Clear Case One Plus 15 Case with Screen Protector | Anti Yellowing, Military Grade Drop Protection, Slim Phone Cases, Shockproof Protective Bumper, Transparent Cell Cover",$7.59,$9.99,-24%,4.6 out of 5 stars,"81,908 ratings",False,False,https://www.amazon.com/FNTCASE-Oneplus-15-Case-Clear/dp/B0G2BFG9D2/ref=sr_1_51?dib=eyJ2IjoiMSJ9.oJGyRF6hD1VpbULCjytDBTR9BiI9phG-wG5VVcd9NabjtqjTkSMNF6qd5ob5WzpZvn8r9UJsvIJvRmo4wi_MJjjOo5-qbZG85PCDRPWfCG-HPLyl9hHkwMIWS6wAXRJN85WMZ_jrxXPTMpyUfGJ6DTdZtlCHZiCEG2HE_iFlq2D3sRGo_zfVwrhAY_60MY9uhlR51o9zlin92cS5Iyh8oeU_IcbPF8lkQ4xd5hb6hkk.c8anwToX7O5YtH4o0yJtehlFiMhM7bQbrD5CW3y9nzM&dib_tag=se&keywords=oneplus+cases&qid=1785307213&sr=8-51,B0G2BFG9D2,https://m.media-amazon.com/images/I/71XMuHGZ8bL._AC_UY218_.jpg
"Nillkin for OnePlus Open Case with Camera Cover, [Hinge Protection][Metal Camera Kickstand] Slim Protective Shockproof Bumper Hard Cover Case for Oppo Find N3 Fold Phone Case Black",$26.79,$28.39,Save 5%,3.8 out of 5 stars,561 ratings,False,False,https://www.amazon.com/Nillkin-Protection-Kickstand-Protective-Shockproof/dp/B0CZDDNHSD/ref=sr_1_52?dib=eyJ2IjoiMSJ9.oJGyRF6hD1VpbULCjytDBTR9BiI9phG-wG5VVcd9NabjtqjTkSMNF6qd5ob5WzpZvn8r9UJsvIJvRmo4wi_MJjjOo5-qbZG85PCDRPWfCG-HPLyl9hHkwMIWS6wAXRJN85WMZ_jrxXPTMpyUfGJ6DTdZtlCHZiCEG2HE_iFlq2D3sRGo_zfVwrhAY_60MY9uhlR51o9zlin92cS5Iyh8oeU_IcbPF8lkQ4xd5hb6hkk.c8anwToX7O5YtH4o0yJtehlFiMhM7bQbrD5CW3y9nzM&dib_tag=se&keywords=oneplus+cases&qid=1785307213&sr=8-52,B0CZDDNHSD,https://m.media-amazon.com/images/I/81oKU6maspL._AC_UY218_.jpg
"DETUOSI Oneplus Nord N200 5G Phone Case, Built in Screen Protector, Oneplus Nord N200 5G Shockproof Case [360 Full Body Protection], 3 in 1 Clear Protection Phone Case for 1+Nord N200 5G, Black",$9.99,,,4.5 out of 5 stars,403 ratings,False,False,https://www.amazon.com/DETUOSI-Oneplus-Protector-Shockproof-Protection/dp/B0B4WRPC2Z/ref=sr_1_53?dib=eyJ2IjoiMSJ9.oJGyRF6hD1VpbULCjytDBTR9BiI9phG-wG5VVcd9NabjtqjTkSMNF6qd5ob5WzpZvn8r9UJsvIJvRmo4wi_MJjjOo5-qbZG85PCDRPWfCG-HPLyl9hHkwMIWS6wAXRJN85WMZ_jrxXPTMpyUfGJ6DTdZtlCHZiCEG2HE_iFlq2D3sRGo_zfVwrhAY_60MY9uhlR51o9zlin92cS5Iyh8oeU_IcbPF8lkQ4xd5hb6hkk.c8anwToX7O5YtH4o0yJtehlFiMhM7bQbrD5CW3y9nzM&dib_tag=se&keywords=oneplus+cases&qid=1785307213&sr=8-53,B0B4WRPC2Z,https://m.media-amazon.com/images/I/61vnKb8kS1S._AC_UY218_.jpg
kwmobile Case Compatible with OnePlus Nord N200 5G Case - TPU Silicone Phone Cover with Soft Finish - Neon Pink,$9.99,,Save 10%,4.5 out of 5 stars,488 ratings,False,False,https://www.amazon.com/kwmobile-Silicone-Case-Compatible-OnePlus/dp/B09VBT12PW/ref=sr_1_54?dib=eyJ2IjoiMSJ9.oJGyRF6hD1VpbULCjytDBTR9BiI9phG-wG5VVcd9NabjtqjTkSMNF6qd5ob5WzpZvn8r9UJsvIJvRmo4wi_MJjjOo5-qbZG85PCDRPWfCG-HPLyl9hHkwMIWS6wAXRJN85WMZ_jrxXPTMpyUfGJ6DTdZtlCHZiCEG2HE_iFlq2D3sRGo_zfVwrhAY_60MY9uhlR51o9zlin92cS5Iyh8oeU_IcbPF8lkQ4xd5hb6hkk.c8anwToX7O5YtH4o0yJtehlFiMhM7bQbrD5CW3y9nzM&dib_tag=se&keywords=oneplus+cases&qid=1785307213&sr=8-54,B09VBT12PW,https://m.media-amazon.com/images/I/61hyNFXC9+L._AC_UY218_.jpg
"for OnePlus 6T/OnePlus 7 Case with [2 Pack] Tempered Glass Screen Protector, for OnePlus 7 Heavy Duty Armor [Military-Grade] Protective，with Kickstand Mount Holder Slim Fit Phone Case Black",$9.58,,,4.5 out of 5 stars,41 ratings,False,False,https://www.amazon.com/Anvzle-Protector-Military-Grade-Protective%EF%BC%8C-Kickstand/dp/B0DRZ3FPC1/ref=sr_1_55?dib=eyJ2IjoiMSJ9.oJGyRF6hD1VpbULCjytDBTR9BiI9phG-wG5VVcd9NabjtqjTkSMNF6qd5ob5WzpZvn8r9UJsvIJvRmo4wi_MJjjOo5-qbZG85PCDRPWfCG-HPLyl9hHkwMIWS6wAXRJN85WMZ_jrxXPTMpyUfGJ6DTdZtlCHZiCEG2HE_iFlq2D3sRGo_zfVwrhAY_60MY9uhlR51o9zlin92cS5Iyh8oeU_IcbPF8lkQ4xd5hb6hkk.c8anwToX7O5YtH4o0yJtehlFiMhM7bQbrD5CW3y9nzM&dib_tag=se&keywords=oneplus+cases&qid=1785307213&sr=8-55,B0DRZ3FPC1,https://m.media-amazon.com/images/I/61F+iA52+DL._AC_UY218_.jpg
Spigen Liquid Air Designed for OnePlus 11 Case (2023) - Matte Black,$12.99,,,4.3 out of 5 stars,535 ratings,False,False,https://www.amazon.com/Spigen-Liquid-Armor-Designed-OnePlus/dp/B0BJ8H232L/ref=sr_1_56?dib=eyJ2IjoiMSJ9.oJGyRF6hD1VpbULCjytDBTR9BiI9phG-wG5VVcd9NabjtqjTkSMNF6qd5ob5WzpZvn8r9UJsvIJvRmo4wi_MJjjOo5-qbZG85PCDRPWfCG-HPLyl9hHkwMIWS6wAXRJN85WMZ_jrxXPTMpyUfGJ6DTdZtlCHZiCEG2HE_iFlq2D3sRGo_zfVwrhAY_60MY9uhlR51o9zlin92cS5Iyh8oeU_IcbPF8lkQ4xd5hb6hkk.c8anwToX7O5YtH4o0yJtehlFiMhM7bQbrD5CW3y9nzM&dib_tag=se&keywords=oneplus+cases&qid=1785307213&sr=8-56,B0BJ8H232L,https://m.media-amazon.com/images/I/71bHgHSfhpL._AC_UY218_.jpg
Osophter for Oneplus Nord N10 Case Shock-Absorption Flexible TPU Rubber Protective Cell Phone Cover for Oneplus Nord N10 5G(Black),$7.99,,,4.5 out of 5 stars,953 ratings,False,False,https://www.amazon.com/Osophter-Oneplus-Shock-Absorption-Flexible-Protective/dp/B08MFDSNHR/ref=sr_1_57?dib=eyJ2IjoiMSJ9.oJGyRF6hD1VpbULCjytDBTR9BiI9phG-wG5VVcd9NabjtqjTkSMNF6qd5ob5WzpZvn8r9UJsvIJvRmo4wi_MJjjOo5-qbZG85PCDRPWfCG-HPLyl9hHkwMIWS6wAXRJN85WMZ_jrxXPTMpyUfGJ6DTdZtlCHZiCEG2HE_iFlq2D3sRGo_zfVwrhAY_60MY9uhlR51o9zlin92cS5Iyh8oeU_IcbPF8lkQ4xd5hb6hkk.c8anwToX7O5YtH4o0yJtehlFiMhM7bQbrD5CW3y9nzM&dib_tag=se&keywords=oneplus+cases&qid=1785307213&sr=8-57,B08MFDSNHR,https://m.media-amazon.com/images/I/61tdTwBl5RL._AC_UY218_.jpg
kwmobile Case Compatible with OnePlus 6T Case - TPU Silicone Phone Cover with Soft Finish - Black Matte,$9.99,,Save 10%,4.4 out of 5 stars,"1,584 ratings",False,False,https://www.amazon.com/kwmobile-Case-Compatible-OnePlus-6T/dp/B0DFLTR32T/ref=sr_1_58?dib=eyJ2IjoiMSJ9.oJGyRF6hD1VpbULCjytDBTR9BiI9phG-wG5VVcd9NabjtqjTkSMNF6qd5ob5WzpZvn8r9UJsvIJvRmo4wi_MJjjOo5-qbZG85PCDRPWfCG-HPLyl9hHkwMIWS6wAXRJN85WMZ_jrxXPTMpyUfGJ6DTdZtlCHZiCEG2HE_iFlq2D3sRGo_zfVwrhAY_60MY9uhlR51o9zlin92cS5Iyh8oeU_IcbPF8lkQ4xd5hb6hkk.c8anwToX7O5YtH4o0yJtehlFiMhM7bQbrD5CW3y9nzM&dib_tag=se&keywords=oneplus+cases&qid=1785307213&sr=8-58,B0DFLTR32T,https://m.media-amazon.com/images/I/61ZTxg9FmeL._AC_UY218_.jpg
"Silicone Case for OnePlus 12, Purple | Soft Silicone Silky Touch Easy Clean, Shockproof Slim Phone Cover, Upgraded Camera Protection, Anti-Scratch Microfiber Lining",$9.99,,,4.6 out of 5 stars,"1,271 ratings",False,True,https://www.amazon.com/sspa/click?ie=UTF8&spc=MTozNDAwODg5ODI2Mzc4NTYwOjE3ODUzMDcyMTM6c3BfbXRmOjMwMTAzMzU2NjkxMzQwMjo6MDo6&url=%2FBtstring-Silicone-Case-OnePlus-Purple%2Fdp%2FB0FN7X3TWY%2Fref%3Dsr_1_59_sspa%3Fdib%3DeyJ2IjoiMSJ9.oJGyRF6hD1VpbULCjytDBTR9BiI9phG-wG5VVcd9NabjtqjTkSMNF6qd5ob5WzpZvn8r9UJsvIJvRmo4wi_MJjjOo5-qbZG85PCDRPWfCG-HPLyl9hHkwMIWS6wAXRJN85WMZ_jrxXPTMpyUfGJ6DTdZtlCHZiCEG2HE_iFlq2D3sRGo_zfVwrhAY_60MY9uhlR51o9zlin92cS5Iyh8oeU_IcbPF8lkQ4xd5hb6hkk.c8anwToX7O5YtH4o0yJtehlFiMhM7bQbrD5CW3y9nzM%26dib_tag%3Dse%26keywords%3Doneplus%2Bcases%26qid%3D1785307213%26sr%3D8-59-spons%26sp_csd%3Dd2lkZ2V0TmFtZT1zcF9tdGY%26psc%3D1,B0FN7X3TWY,https://m.media-amazon.com/images/I/61qjavAXSzL._AC_UY218_.jpg
"Silverback for OnePlus 12 Case Clear with Ring Kickstand | Protective Soft TPU, Shock Absorbing Bumper, Shockproof, Transparent Slim",$9.99,,,4.1 out of 5 stars,15 ratings,False,True,https://www.amazon.com/sspa/click?ie=UTF8&spc=MTozNDAwODg5ODI2Mzc4NTYwOjE3ODUzMDcyMTM6c3BfbXRmOjMwMDM3MzMxNzk0ODgwMjo6MDo6&url=%2FSilverback-Kickstand-Protective-Absorbing-Shockproof%2Fdp%2FB0D7VWCGT6%2Fref%3Dsr_1_60_sspa%3Fdib%3DeyJ2IjoiMSJ9.oJGyRF6hD1VpbULCjytDBTR9BiI9phG-wG5VVcd9NabjtqjTkSMNF6qd5ob5WzpZvn8r9UJsvIJvRmo4wi_MJjjOo5-qbZG85PCDRPWfCG-HPLyl9hHkwMIWS6wAXRJN85WMZ_jrxXPTMpyUfGJ6DTdZtlCHZiCEG2HE_iFlq2D3sRGo_zfVwrhAY_60MY9uhlR51o9zlin92cS5Iyh8oeU_IcbPF8lkQ4xd5hb6hkk.c8anwToX7O5YtH4o0yJtehlFiMhM7bQbrD5CW3y9nzM%26dib_tag%3Dse%26keywords%3Doneplus%2Bcases%26qid%3D1785307213%26sr%3D8-60-spons%26sp_csd%3Dd2lkZ2V0TmFtZT1zcF9tdGY%26psc%3D1,B0D7VWCGT6,https://m.media-amazon.com/images/I/71jFc6oJJ6L._AC_UY218_.jpg
"for Oneplus Open Case, Built-in Screen Protector, Full Hinge Protection, Metal Kickstand, Camera Protection, Thin & Slim Cover 5G 2023-Black",$21.99,,,4.0 out of 5 stars,161 ratings,False,False,https://www.amazon.com/Libeagle-Protector-Protection-Kickstand-2023-Black/dp/B0CMQQRT86/ref=sr_1_61?dib=eyJ2IjoiMSJ9.oJGyRF6hD1VpbULCjytDBTR9BiI9phG-wG5VVcd9NabjtqjTkSMNF6qd5ob5WzpZvn8r9UJsvIJvRmo4wi_MJjjOo5-qbZG85PCDRPWfCG-HPLyl9hHkwMIWS6wAXRJN85WMZ_jrxXPTMpyUfGJ6DTdZtlCHZiCEG2HE_iFlq2D3sRGo_zfVwrhAY_60MY9uhlR51o9zlin92cS5Iyh8oeU_IcbPF8lkQ4xd5hb6hkk.c8anwToX7O5YtH4o0yJtehlFiMhM7bQbrD5CW3y9nzM&dib_tag=se&keywords=oneplus+cases&qid=1785307213&sr=8-61,B0CMQQRT86,https://m.media-amazon.com/images/I/61wSImWi9IL._AC_UY218_.jpg
TUDIA MergeGrip for OnePlus 13 Case 5G (2025) - [Military Grade Drop Tested] Dual Layer Shockproof Slim Heavy Duty Tough Cover Phone Cases - Black,$16.59,$17.99,Save 8%,4.6 out of 5 stars,154 ratings,False,False,https://www.amazon.com/TUDIA-MergeGrip-OnePlus-Case-Shockproof/dp/B0DQP5MC2X/ref=sr_1_62?dib=eyJ2IjoiMSJ9.oJGyRF6hD1VpbULCjytDBTR9BiI9phG-wG5VVcd9NabjtqjTkSMNF6qd5ob5WzpZvn8r9UJsvIJvRmo4wi_MJjjOo5-qbZG85PCDRPWfCG-HPLyl9hHkwMIWS6wAXRJN85WMZ_jrxXPTMpyUfGJ6DTdZtlCHZiCEG2HE_iFlq2D3sRGo_zfVwrhAY_60MY9uhlR51o9zlin92cS5Iyh8oeU_IcbPF8lkQ4xd5hb6hkk.c8anwToX7O5YtH4o0yJtehlFiMhM7bQbrD5CW3y9nzM&dib_tag=se&keywords=oneplus+cases&qid=1785307213&sr=8-62,B0DQP5MC2X,https://m.media-amazon.com/images/I/7177Nvi5IBL._AC_UY218_.jpg
"for Oneplus Open Case with 360° Magnetic Rotatable Ring Stand, Built-in Screen Protector & Hinge Protection, Thin & Slim Magnetic Stand Phone Case 5G, Black",$23.99,,,4.2 out of 5 stars,50 ratings,False,False,https://www.amazon.com/zifiuzem-Magnetic-Rotatable-Protector-Protection/dp/B0F83Z27RF/ref=sr_1_63?dib=eyJ2IjoiMSJ9.oJGyRF6hD1VpbULCjytDBTR9BiI9phG-wG5VVcd9NabjtqjTkSMNF6qd5ob5WzpZvn8r9UJsvIJvRmo4wi_MJjjOo5-qbZG85PCDRPWfCG-HPLyl9hHkwMIWS6wAXRJN85WMZ_jrxXPTMpyUfGJ6DTdZtlCHZiCEG2HE_iFlq2D3sRGo_zfVwrhAY_60MY9uhlR51o9zlin92cS5Iyh8oeU_IcbPF8lkQ4xd5hb6hkk.c8anwToX7O5YtH4o0yJtehlFiMhM7bQbrD5CW3y9nzM&dib_tag=se&keywords=oneplus+cases&qid=1785307213&sr=8-63,B0F83Z27RF,https://m.media-amazon.com/images/I/71iV0S4OULL._AC_UY218_.jpg
"TUDIA MergeGrip Phone Case for OnePlus 12 5G 2024 - Military Grade, Drop Tested, Dual Layer, Shockproof, Anti-Slip, Heavy Duty & Protector Cover Protective Phone Case - Green Lily",$15.99,$16.99,-6%,4.3 out of 5 stars,323 ratings,False,False,https://www.amazon.com/TUDIA-DualShield-MergeGrip-Shockproof-Protective/dp/B0CR651FPM/ref=sr_1_64?dib=eyJ2IjoiMSJ9.oJGyRF6hD1VpbULCjytDBTR9BiI9phG-wG5VVcd9NabjtqjTkSMNF6qd5ob5WzpZvn8r9UJsvIJvRmo4wi_MJjjOo5-qbZG85PCDRPWfCG-HPLyl9hHkwMIWS6wAXRJN85WMZ_jrxXPTMpyUfGJ6DTdZtlCHZiCEG2HE_iFlq2D3sRGo_zfVwrhAY_60MY9uhlR51o9zlin92cS5Iyh8oeU_IcbPF8lkQ4xd5hb6hkk.c8anwToX7O5YtH4o0yJtehlFiMhM7bQbrD5CW3y9nzM&dib_tag=se&keywords=oneplus+cases&qid=1785307213&sr=8-64,B0CR651FPM,https://m.media-amazon.com/images/I/719tgdf+2nL._AC_UY218_.jpg
"for OnePlus Nord N200 5G Case, Slim Flexible TPU for Girls Women Airbag Bumper Shock Absorption Rubber Soft Silicone Case Cover Fit for OnePlus Nord N200 5G (Butterfly)",$6.89,,,4.6 out of 5 stars,570 ratings,False,False,https://www.amazon.com/FollmeAir-Flexible-Absorption-Silicone-Butterfly/dp/B098FXDKG6/ref=sr_1_65?dib=eyJ2IjoiMSJ9.oJGyRF6hD1VpbULCjytDBTR9BiI9phG-wG5VVcd9NabjtqjTkSMNF6qd5ob5WzpZvn8r9UJsvIJvRmo4wi_MJjjOo5-qbZG85PCDRPWfCG-HPLyl9hHkwMIWS6wAXRJN85WMZ_jrxXPTMpyUfGJ6DTdZtlCHZiCEG2HE_iFlq2D3sRGo_zfVwrhAY_60MY9uhlR51o9zlin92cS5Iyh8oeU_IcbPF8lkQ4xd5hb6hkk.c8anwToX7O5YtH4o0yJtehlFiMhM7bQbrD5CW3y9nzM&dib_tag=se&keywords=oneplus+cases&qid=1785307213&sr=8-65,B098FXDKG6,https://m.media-amazon.com/images/I/61liiNYPdPS._AC_UY218_.jpg
"Cresee Case for OnePlus Open, Thin Hard Matte Phone Case with Improved Camera Protection for OnePlus Open - Black",$9.99,,Save 5%,3.6 out of 5 stars,15 ratings,False,False,https://www.amazon.com/Cresee-OnePlus-Improved-Camera-Protection/dp/B0CLY3VMKY/ref=sr_1_66?dib=eyJ2IjoiMSJ9.oJGyRF6hD1VpbULCjytDBTR9BiI9phG-wG5VVcd9NabjtqjTkSMNF6qd5ob5WzpZvn8r9UJsvIJvRmo4wi_MJjjOo5-qbZG85PCDRPWfCG-HPLyl9hHkwMIWS6wAXRJN85WMZ_jrxXPTMpyUfGJ6DTdZtlCHZiCEG2HE_iFlq2D3sRGo_zfVwrhAY_60MY9uhlR51o9zlin92cS5Iyh8oeU_IcbPF8lkQ4xd5hb6hkk.c8anwToX7O5YtH4o0yJtehlFiMhM7bQbrD5CW3y9nzM&dib_tag=se&keywords=oneplus+cases&qid=1785307213&sr=8-66,B0CLY3VMKY,https://m.media-amazon.com/images/I/71HTgXn4GSL._AC_UY218_.jpg
"TUDIA DualShield Grip Designed for OnePlus10T Case 5G, [MergeGrip] Shockproof Military Grade Slim Dual Layer Protection for OnePlus 10T 5G Case (Matte Black)",$17.99,,,4.5 out of 5 stars,568 ratings,False,False,https://www.amazon.com/TUDIA-DualShield-OnePlus10T-Shockproof-Protection/dp/B0BCVPQSJ6/ref=sr_1_67?dib=eyJ2IjoiMSJ9.oJGyRF6hD1VpbULCjytDBTR9BiI9phG-wG5VVcd9NabjtqjTkSMNF6qd5ob5WzpZvn8r9UJsvIJvRmo4wi_MJjjOo5-qbZG85PCDRPWfCG-HPLyl9hHkwMIWS6wAXRJN85WMZ_jrxXPTMpyUfGJ6DTdZtlCHZiCEG2HE_iFlq2D3sRGo_zfVwrhAY_60MY9uhlR51o9zlin92cS5Iyh8oeU_IcbPF8lkQ4xd5hb6hkk.c8anwToX7O5YtH4o0yJtehlFiMhM7bQbrD5CW3y9nzM&dib_tag=se&keywords=oneplus+cases&qid=1785307213&sr=8-67,B0BCVPQSJ6,https://m.media-amazon.com/images/I/713qqn3PAGL._AC_UY218_.jpg
"Poetic Revolution Series Case for OnePlus Nord N10 5G, Full-Body Rugged Dual-Layer Shockproof Protective Cover with Kickstand and Built-in-Screen Protector, Black",$17.95,,5% off coupon applied,4.6 out of 5 stars,"2,171 ratings",False,False,https://www.amazon.com/Poetic-Revolution-Dual-Layer-Shockproof-Protective/dp/B08TH7C5CB/ref=sr_1_68?dib=eyJ2IjoiMSJ9.oJGyRF6hD1VpbULCjytDBTR9BiI9phG-wG5VVcd9NabjtqjTkSMNF6qd5ob5WzpZvn8r9UJsvIJvRmo4wi_MJjjOo5-qbZG85PCDRPWfCG-HPLyl9hHkwMIWS6wAXRJN85WMZ_jrxXPTMpyUfGJ6DTdZtlCHZiCEG2HE_iFlq2D3sRGo_zfVwrhAY_60MY9uhlR51o9zlin92cS5Iyh8oeU_IcbPF8lkQ4xd5hb6hkk.c8anwToX7O5YtH4o0yJtehlFiMhM7bQbrD5CW3y9nzM&dib_tag=se&keywords=oneplus+cases&qid=1785307213&sr=8-68,B08TH7C5CB,https://m.media-amazon.com/images/I/814-jzazT8L._AC_UY218_.jpg
"Poetic Revolution Case for OnePlus 15 5G, | Slide Camera Cover | 2 Tempered Glass Screen Protector | 20FT Mil-Grade Drop Tested | Full-Body Rugged Dual-Layer Shockproof Case with Kickstand, Black",$21.95,,5% off coupon applied,4.3 out of 5 stars,524 ratings,False,True,https://www.amazon.com/sspa/click?ie=UTF8&spc=MTozNDAwODg5ODI2Mzc4NTYwOjE3ODUzMDcyMTM6c3BfYnRmOjMwMTA4NTM4MTAxNjYwMjo6MDo6&url=%2FPoetic-Revolution-Protector-Dual-Layer-Shockproof%2Fdp%2FB0G1SM43SH%2Fref%3Dsr_1_69_sspa%3Fdib%3DeyJ2IjoiMSJ9.oJGyRF6hD1VpbULCjytDBTR9BiI9phG-wG5VVcd9NabjtqjTkSMNF6qd5ob5WzpZvn8r9UJsvIJvRmo4wi_MJjjOo5-qbZG85PCDRPWfCG-HPLyl9hHkwMIWS6wAXRJN85WMZ_jrxXPTMpyUfGJ6DTdZtlCHZiCEG2HE_iFlq2D3sRGo_zfVwrhAY_60MY9uhlR51o9zlin92cS5Iyh8oeU_IcbPF8lkQ4xd5hb6hkk.c8anwToX7O5YtH4o0yJtehlFiMhM7bQbrD5CW3y9nzM%26dib_tag%3Dse%26keywords%3Doneplus%2Bcases%26qid%3D1785307213%26sr%3D8-69-spons%26sp_csd%3Dd2lkZ2V0TmFtZT1zcF9idGY%26psc%3D1,B0G1SM43SH,https://m.media-amazon.com/images/I/71OICkDXl2L._AC_UY218_.jpg
"GiiYoon Silicone Case Compatible with OnePlus 15R, Full Body Silky Soft Touch Phone Case with Camera Protection, Shockproof Cover with Microfiber Lining, Black",$9.69,,,4.2 out of 5 stars,"3,519 ratings",False,True,https://www.amazon.com/sspa/click?ie=UTF8&spc=MTozNDAwODg5ODI2Mzc4NTYwOjE3ODUzMDcyMTM6c3BfYnRmOjMwMTE4ODY3Njc2MzkwMjo6MDo6&url=%2FGiiYoon-Compatible-15R-Protection-Shockproof%2Fdp%2FB0GCBMD58J%2Fref%3Dsr_1_70_sspa%3Fdib%3DeyJ2IjoiMSJ9.oJGyRF6hD1VpbULCjytDBTR9BiI9phG-wG5VVcd9NabjtqjTkSMNF6qd5ob5WzpZvn8r9UJsvIJvRmo4wi_MJjjOo5-qbZG85PCDRPWfCG-HPLyl9hHkwMIWS6wAXRJN85WMZ_jrxXPTMpyUfGJ6DTdZtlCHZiCEG2HE_iFlq2D3sRGo_zfVwrhAY_60MY9uhlR51o9zlin92cS5Iyh8oeU_IcbPF8lkQ4xd5hb6hkk.c8anwToX7O5YtH4o0yJtehlFiMhM7bQbrD5CW3y9nzM%26dib_tag%3Dse%26keywords%3Doneplus%2Bcases%26qid%3D1785307213%26sr%3D8-70-spons%26sp_csd%3Dd2lkZ2V0TmFtZT1zcF9idGY%26psc%3D1,B0GCBMD58J,https://m.media-amazon.com/images/I/61rNmStyHoL._AC_UY218_.jpg
"Poetic Revolution Case for OnePlus 15 5G, | Slide Camera Cover | 2 Tempered Glass Screen Protector | 20FT Mil-Grade Drop Tested | Full-Body Rugged Dual-Layer Shockproof Case with Kickstand, Black",$21.95,,5% off coupon applied,4.3 out of 5 stars,524 ratings,False,True,https://www.amazon.com/sspa/click?ie=UTF8&spc=MTo0NjA4NzA4NjIzMjU1NTE2OjE3ODUzMDcyMjA6c3BfYXRmX25leHQ6MzAxMDg1MzgxMDE2NjAyOjowOjo&url=%2FPoetic-Revolution-Protector-Dual-Layer-Shockproof%2Fdp%2FB0G1SM43SH%2Fref%3Dsr_1_65_sspa%3Fdib%3DeyJ2IjoiMSJ9.8zZNl9XdkYQ1k2qXBTX95qOJTeTsjA-Ey361jPwNTZcvy8oNYx4R3jtUvFcxD63WC1j1mIBC_qunZK96V5m_xsFumRAi_RjkUao09R-gB0KX-xN6yyjQbd8lC2OiWahCbvzs2PE7e0SKs7faqnno3krWFFjVkg4bEKv3kBwcK__O7vMk4HvLF5kV9howfuygbHPBnGkyfh5Hw786bNSDK_V1mB6Ix1qG6nBmBWuo5oA.OOMTZzMIGMHIblBnfGmuT-Y3TwhJEv_KiiLuM1cCnZc%26dib_tag%3Dse%26keywords%3Doneplus%2Bcases%26qid%3D1785307220%26sr%3D8-65-spons%26sp_csd%3Dd2lkZ2V0TmFtZT1zcF9hdGZfbmV4dA%26psc%3D1,B0G1SM43SH,https://m.media-amazon.com/images/I/71OICkDXl2L._AC_UY218_.jpg
"Poetic Guardian Case for OnePlus 15R 5G, 20FT Mil-Grade Drop Tested | Tempered Glass Screen Protector, Full Body Shockproof Rugged Clear Cover Case, Purple/Clear",$22.95,,,4.4 out of 5 stars,"1,144 ratings",False,True,https://www.amazon.com/sspa/click?ie=UTF8&spc=MTo0NjA4NzA4NjIzMjU1NTE2OjE3ODUzMDcyMjA6c3BfYXRmX25leHQ6MzAxMTY0NTc0NTE4NjAyOjowOjo&url=%2FPoetic-Guardian-Mil-Grade-Protector-Shockproof%2Fdp%2FB0G3WSQGW1%2Fref%3Dsr_1_66_sspa%3Fdib%3DeyJ2IjoiMSJ9.8zZNl9XdkYQ1k2qXBTX95qOJTeTsjA-Ey361jPwNTZcvy8oNYx4R3jtUvFcxD63WC1j1mIBC_qunZK96V5m_xsFumRAi_RjkUao09R-gB0KX-xN6yyjQbd8lC2OiWahCbvzs2PE7e0SKs7faqnno3krWFFjVkg4bEKv3kBwcK__O7vMk4HvLF5kV9howfuygbHPBnGkyfh5Hw786bNSDK_V1mB6Ix1qG6nBmBWuo5oA.OOMTZzMIGMHIblBnfGmuT-Y3TwhJEv_KiiLuM1cCnZc%26dib_tag%3Dse%26keywords%3Doneplus%2Bcases%26qid%3D1785307220%26sr%3D8-66-spons%26sp_csd%3Dd2lkZ2V0TmFtZT1zcF9hdGZfbmV4dA%26psc%3D1,B0G3WSQGW1,https://m.media-amazon.com/images/I/71MpxiuJlzL._AC_UY218_.jpg
"MAKAVO Magnetic for OnePlus 13 Case [Compatible with MagSafe] Translucent Matte Shockproof Phone Case with Camera Cover, One Plus 13 Slim Thin Yet Military Grade Drop Proof Silicone Bumper Case, Black",$13.99,,,4.5 out of 5 stars,433 ratings,False,False,https://www.amazon.com/MAKAVO-Magnetic-Compatible-Translucent-Shockproof/dp/B0DRCC3N4Z/ref=sr_1_67?dib=eyJ2IjoiMSJ9.8zZNl9XdkYQ1k2qXBTX95qOJTeTsjA-Ey361jPwNTZcvy8oNYx4R3jtUvFcxD63WC1j1mIBC_qunZK96V5m_xsFumRAi_RjkUao09R-gB0KX-xN6yyjQbd8lC2OiWahCbvzs2PE7e0SKs7faqnno3krWFFjVkg4bEKv3kBwcK__O7vMk4HvLF5kV9howfuygbHPBnGkyfh5Hw786bNSDK_V1mB6Ix1qG6nBmBWuo5oA.OOMTZzMIGMHIblBnfGmuT-Y3TwhJEv_KiiLuM1cCnZc&dib_tag=se&keywords=oneplus+cases&qid=1785307220&sr=8-67,B0DRCC3N4Z,https://m.media-amazon.com/images/I/71YiiXa7geL._AC_UY218_.jpg
"for Oneplus 9 5G Phone case,1+9 5G Case Shockproof, Scratch Resistant Carbon Fiber Jacket, Soft TPU, for Oneplus 9 5G case Black",$6.58,,,4.2 out of 5 stars,69 ratings,False,False,https://www.amazon.com/Aikcks-Oneplus-Shockproof-Scratch-Resistant/dp/B0C5HDF1GS/ref=sr_1_68?dib=eyJ2IjoiMSJ9.8zZNl9XdkYQ1k2qXBTX95qOJTeTsjA-Ey361jPwNTZcvy8oNYx4R3jtUvFcxD63WC1j1mIBC_qunZK96V5m_xsFumRAi_RjkUao09R-gB0KX-xN6yyjQbd8lC2OiWahCbvzs2PE7e0SKs7faqnno3krWFFjVkg4bEKv3kBwcK__O7vMk4HvLF5kV9howfuygbHPBnGkyfh5Hw786bNSDK_V1mB6Ix1qG6nBmBWuo5oA.OOMTZzMIGMHIblBnfGmuT-Y3TwhJEv_KiiLuM1cCnZc&dib_tag=se&keywords=oneplus+cases&qid=1785307220&sr=8-68,B0C5HDF1GS,https://m.media-amazon.com/images/I/71-jrUlk+8L._AC_UY218_.jpg
"for OnePlus 15 Case,high qualit,PC Material,Scratch Resistant,FlexibleFull Protection,Anti-Skid",$4.99,,,4.4 out of 5 stars,190 ratings,False,False,https://www.amazon.com/Suttkue-OnePlus-Resistant-FlexibleFull-Protection/dp/B0FX2QH95W/ref=sr_1_69?dib=eyJ2IjoiMSJ9.8zZNl9XdkYQ1k2qXBTX95qOJTeTsjA-Ey361jPwNTZcvy8oNYx4R3jtUvFcxD63WC1j1mIBC_qunZK96V5m_xsFumRAi_RjkUao09R-gB0KX-xN6yyjQbd8lC2OiWahCbvzs2PE7e0SKs7faqnno3krWFFjVkg4bEKv3kBwcK__O7vMk4HvLF5kV9howfuygbHPBnGkyfh5Hw786bNSDK_V1mB6Ix1qG6nBmBWuo5oA.OOMTZzMIGMHIblBnfGmuT-Y3TwhJEv_KiiLuM1cCnZc&dib_tag=se&keywords=oneplus+cases&qid=1785307220&sr=8-69,B0FX2QH95W,https://m.media-amazon.com/images/I/71MhTROVlQL._AC_UY218_.jpg
"for OnePlus Nord N20 5G Case with [2 Pack] Tempered Glass Screen Protector, for OnePlus N20 5G [Military-Grade] Protective，with Lens Protects Magnetic Kickstand Mount Holder Case Black",$7.95,,,4.6 out of 5 stars,23 ratings,False,False,https://www.amazon.com/Anvzle-Protector-Military-Grade-Protective%EF%BC%8C-Kickstand/dp/B0DRP1Z3S7/ref=sr_1_70?dib=eyJ2IjoiMSJ9.8zZNl9XdkYQ1k2qXBTX95qOJTeTsjA-Ey361jPwNTZcvy8oNYx4R3jtUvFcxD63WC1j1mIBC_qunZK96V5m_xsFumRAi_RjkUao09R-gB0KX-xN6yyjQbd8lC2OiWahCbvzs2PE7e0SKs7faqnno3krWFFjVkg4bEKv3kBwcK__O7vMk4HvLF5kV9howfuygbHPBnGkyfh5Hw786bNSDK_V1mB6Ix1qG6nBmBWuo5oA.OOMTZzMIGMHIblBnfGmuT-Y3TwhJEv_KiiLuM1cCnZc&dib_tag=se&keywords=oneplus+cases&qid=1785307220&sr=8-70,B0DRP1Z3S7,https://m.media-amazon.com/images/I/71oFuv+oyCL._AC_UY218_.jpg
"OnePlus 15 Magnetic Case Aramid Fiber, Ultra Slim 1.3mm Drop Resistant Wear Proof Stain Resistant, Applicable to 15",$39.99,,10% off coupon applied,4.6 out of 5 stars,15 ratings,False,False,https://www.amazon.com/OnePlus-Aramid-Fiber-Magnetic-Resistant/dp/B0FX31XGX4/ref=sr_1_71?dib=eyJ2IjoiMSJ9.8zZNl9XdkYQ1k2qXBTX95qOJTeTsjA-Ey361jPwNTZcvy8oNYx4R3jtUvFcxD63WC1j1mIBC_qunZK96V5m_xsFumRAi_RjkUao09R-gB0KX-xN6yyjQbd8lC2OiWahCbvzs2PE7e0SKs7faqnno3krWFFjVkg4bEKv3kBwcK__O7vMk4HvLF5kV9howfuygbHPBnGkyfh5Hw786bNSDK_V1mB6Ix1qG6nBmBWuo5oA.OOMTZzMIGMHIblBnfGmuT-Y3TwhJEv_KiiLuM1cCnZc&dib_tag=se&keywords=oneplus+cases&qid=1785307220&sr=8-71,B0FX31XGX4,https://m.media-amazon.com/images/I/6118a25tQWL._AC_UY218_.jpg
"Osophter Cellular Phone Case for Oneplus 8T 5G, Shock-Absorption TPU Rubber Protective Cover with Screen Protector, Black",$9.99,,,4.5 out of 5 stars,468 ratings,False,False,https://www.amazon.com/Osophter-Protector-Shock-Absorption-Flexible-Protective/dp/B08KZQPR68/ref=sr_1_72?dib=eyJ2IjoiMSJ9.8zZNl9XdkYQ1k2qXBTX95qOJTeTsjA-Ey361jPwNTZcvy8oNYx4R3jtUvFcxD63WC1j1mIBC_qunZK96V5m_xsFumRAi_RjkUao09R-gB0KX-xN6yyjQbd8lC2OiWahCbvzs2PE7e0SKs7faqnno3krWFFjVkg4bEKv3kBwcK__O7vMk4HvLF5kV9howfuygbHPBnGkyfh5Hw786bNSDK_V1mB6Ix1qG6nBmBWuo5oA.OOMTZzMIGMHIblBnfGmuT-Y3TwhJEv_KiiLuM1cCnZc&dib_tag=se&keywords=oneplus+cases&qid=1785307220&sr=8-72,B08KZQPR68,https://m.media-amazon.com/images/I/61BpymgUrIL._AC_UY218_.jpg
"Nillkin for OnePlus Open Case with Metal Kickstand Camera Lens Protection Cover, Frosted Shield Prop Kickstand Case for Oppo Find N3 Fold (Black)",$39.99,,15% off coupon applied,3.8 out of 5 stars,136 ratings,False,False,https://www.amazon.com/Nillkin-OnePlus-Kickstand-Protection-kickstand/dp/B0CRN6VLR5/ref=sr_1_73?dib=eyJ2IjoiMSJ9.8zZNl9XdkYQ1k2qXBTX95qOJTeTsjA-Ey361jPwNTZcvy8oNYx4R3jtUvFcxD63WC1j1mIBC_qunZK96V5m_xsFumRAi_RjkUao09R-gB0KX-xN6yyjQbd8lC2OiWahCbvzs2PE7e0SKs7faqnno3krWFFjVkg4bEKv3kBwcK__O7vMk4HvLF5kV9howfuygbHPBnGkyfh5Hw786bNSDK_V1mB6Ix1qG6nBmBWuo5oA.OOMTZzMIGMHIblBnfGmuT-Y3TwhJEv_KiiLuM1cCnZc&dib_tag=se&keywords=oneplus+cases&qid=1785307220&sr=8-73,B0CRN6VLR5,https://m.media-amazon.com/images/I/71U1B-vVSCL._AC_UY218_.jpg
"Poetic Revolution Case for OnePlus 10 Pro 5G, [20FT Mil-Grade Drop Tested], Full-Body Rugged Dual-Layer Shockproof Protective Cover Case with Kickstand, Black",$17.95,,,3.9 out of 5 stars,13 ratings,False,False,https://www.amazon.com/Poetic-Revolution-Dual-Layer-Shockproof-Protective/dp/B0GHXYS4CZ/ref=sr_1_74?dib=eyJ2IjoiMSJ9.8zZNl9XdkYQ1k2qXBTX95qOJTeTsjA-Ey361jPwNTZcvy8oNYx4R3jtUvFcxD63WC1j1mIBC_qunZK96V5m_xsFumRAi_RjkUao09R-gB0KX-xN6yyjQbd8lC2OiWahCbvzs2PE7e0SKs7faqnno3krWFFjVkg4bEKv3kBwcK__O7vMk4HvLF5kV9howfuygbHPBnGkyfh5Hw786bNSDK_V1mB6Ix1qG6nBmBWuo5oA.OOMTZzMIGMHIblBnfGmuT-Y3TwhJEv_KiiLuM1cCnZc&dib_tag=se&keywords=oneplus+cases&qid=1785307220&sr=8-74,B0GHXYS4CZ,https://m.media-amazon.com/images/I/710kfCOP3JL._AC_UY218_.jpg
"Silverback for OnePlus 12 Case Clear with Ring Kickstand | Protective Soft TPU, Shock Absorbing Bumper, Shockproof, Transparent Slim",$9.99,,,4.1 out of 5 stars,15 ratings,False,True,https://www.amazon.com/sspa/click?ie=UTF8&spc=MTo0NjA4NzA4NjIzMjU1NTE2OjE3ODUzMDcyMjA6c3BfbXRmOjMwMDM3MzMxNzk0ODgwMjo6MDo6&url=%2FSilverback-Kickstand-Protective-Absorbing-Shockproof%2Fdp%2FB0D7VWCGT6%2Fref%3Dsr_1_75_sspa%3Fdib%3DeyJ2IjoiMSJ9.8zZNl9XdkYQ1k2qXBTX95qOJTeTsjA-Ey361jPwNTZcvy8oNYx4R3jtUvFcxD63WC1j1mIBC_qunZK96V5m_xsFumRAi_RjkUao09R-gB0KX-xN6yyjQbd8lC2OiWahCbvzs2PE7e0SKs7faqnno3krWFFjVkg4bEKv3kBwcK__O7vMk4HvLF5kV9howfuygbHPBnGkyfh5Hw786bNSDK_V1mB6Ix1qG6nBmBWuo5oA.OOMTZzMIGMHIblBnfGmuT-Y3TwhJEv_KiiLuM1cCnZc%26dib_tag%3Dse%26keywords%3Doneplus%2Bcases%26qid%3D1785307220%26sr%3D8-75-spons%26sp_csd%3Dd2lkZ2V0TmFtZT1zcF9tdGY%26psc%3D1,B0D7VWCGT6,https://m.media-amazon.com/images/I/71jFc6oJJ6L._AC_UY218_.jpg
"GiiYoon Silicone Case Compatible with OnePlus 15R, Full Body Silky Soft Touch Phone Case with Camera Protection, Shockproof Cover with Microfiber Lining, Black",$9.69,,,4.2 out of 5 stars,"3,519 ratings",False,True,https://www.amazon.com/sspa/click?ie=UTF8&spc=MTo0NjA4NzA4NjIzMjU1NTE2OjE3ODUzMDcyMjA6c3BfbXRmOjMwMTE4ODY3Njc2MzkwMjo6MDo6&url=%2FGiiYoon-Compatible-15R-Protection-Shockproof%2Fdp%2FB0GCBMD58J%2Fref%3Dsr_1_76_sspa%3Fdib%3DeyJ2IjoiMSJ9.8zZNl9XdkYQ1k2qXBTX95qOJTeTsjA-Ey361jPwNTZcvy8oNYx4R3jtUvFcxD63WC1j1mIBC_qunZK96V5m_xsFumRAi_RjkUao09R-gB0KX-xN6yyjQbd8lC2OiWahCbvzs2PE7e0SKs7faqnno3krWFFjVkg4bEKv3kBwcK__O7vMk4HvLF5kV9howfuygbHPBnGkyfh5Hw786bNSDK_V1mB6Ix1qG6nBmBWuo5oA.OOMTZzMIGMHIblBnfGmuT-Y3TwhJEv_KiiLuM1cCnZc%26dib_tag%3Dse%26keywords%3Doneplus%2Bcases%26qid%3D1785307220%26sr%3D8-76-spons%26sp_csd%3Dd2lkZ2V0TmFtZT1zcF9tdGY%26psc%3D1,B0GCBMD58J,https://m.media-amazon.com/images/I/61rNmStyHoL._AC_UY218_.jpg
MAKAVO Slim Fit for OnePlus Nord N300 5G Case with Screen Protector [Ultra Thin] [Camera Cover] Full Protection Flexible Bumper Hard Matte PC Back Cover for One Plus N300 5G (Black),$9.99,,,4.6 out of 5 stars,120 ratings,False,False,https://www.amazon.com/MAKAVO-OnePlus-Protector-Protection-Flexible/dp/B0BQC41NLM/ref=sr_1_77?dib=eyJ2IjoiMSJ9.8zZNl9XdkYQ1k2qXBTX95qOJTeTsjA-Ey361jPwNTZcvy8oNYx4R3jtUvFcxD63WC1j1mIBC_qunZK96V5m_xsFumRAi_RjkUao09R-gB0KX-xN6yyjQbd8lC2OiWahCbvzs2PE7e0SKs7faqnno3krWFFjVkg4bEKv3kBwcK__O7vMk4HvLF5kV9howfuygbHPBnGkyfh5Hw786bNSDK_V1mB6Ix1qG6nBmBWuo5oA.OOMTZzMIGMHIblBnfGmuT-Y3TwhJEv_KiiLuM1cCnZc&dib_tag=se&keywords=oneplus+cases&qid=1785307220&sr=8-77,B0BQC41NLM,https://m.media-amazon.com/images/I/61c3kgpfXCL._AC_UY218_.jpg
"Osophter for Oneplus 8 Case [Not Compatible with Oneplus 8T],1+8 Case Shock-Absorption Flexible TPU Rubber Protective Phone Cover for One Plus 8(Black)",$8.99,,,4.2 out of 5 stars,240 ratings,False,False,https://www.amazon.com/Osophter-Oneplus-Compatible-Shock-Absorption-Protective/dp/B085WMN6K9/ref=sr_1_78?dib=eyJ2IjoiMSJ9.8zZNl9XdkYQ1k2qXBTX95qOJTeTsjA-Ey361jPwNTZcvy8oNYx4R3jtUvFcxD63WC1j1mIBC_qunZK96V5m_xsFumRAi_RjkUao09R-gB0KX-xN6yyjQbd8lC2OiWahCbvzs2PE7e0SKs7faqnno3krWFFjVkg4bEKv3kBwcK__O7vMk4HvLF5kV9howfuygbHPBnGkyfh5Hw786bNSDK_V1mB6Ix1qG6nBmBWuo5oA.OOMTZzMIGMHIblBnfGmuT-Y3TwhJEv_KiiLuM1cCnZc&dib_tag=se&keywords=oneplus+cases&qid=1785307220&sr=8-78,B085WMN6K9,https://m.media-amazon.com/images/I/61R-P9C8QHL._AC_UY218_.jpg
"Compatible for OnePlus 11 5G Phone Case, 360° Rotatable Ring Holder Kickstand/Stand Silicone TPU Silm Fit Shockproof Protective Cover Case for OnePlus 1+ 11 5G 6.7 inch (2023 Release) - Black",$6.99,$8.99,Save 22%,4.2 out of 5 stars,69 ratings,False,False,https://www.amazon.com/Nijiadi-Compatible-OnePlus-11-Shockproof/dp/B0F9Y1CSSG/ref=sr_1_79?dib=eyJ2IjoiMSJ9.8zZNl9XdkYQ1k2qXBTX95qOJTeTsjA-Ey361jPwNTZcvy8oNYx4R3jtUvFcxD63WC1j1mIBC_qunZK96V5m_xsFumRAi_RjkUao09R-gB0KX-xN6yyjQbd8lC2OiWahCbvzs2PE7e0SKs7faqnno3krWFFjVkg4bEKv3kBwcK__O7vMk4HvLF5kV9howfuygbHPBnGkyfh5Hw786bNSDK_V1mB6Ix1qG6nBmBWuo5oA.OOMTZzMIGMHIblBnfGmuT-Y3TwhJEv_KiiLuM1cCnZc&dib_tag=se&keywords=oneplus+cases&qid=1785307220&sr=8-79,B0F9Y1CSSG,https://m.media-amazon.com/images/I/61386-NQq0L._AC_UY218_.jpg
"Oneplus Nord N20 5G Case, Built in Screen Protector Full Body Shockproof Slim Fit Bumper Protective Phone Cover for 1+ Nord N20 5G Men Women-Black/Clear",$13.59,$15.99,-15%,4.3 out of 5 stars,"6,715 ratings",False,False,https://www.amazon.com/Oneplus-Protector-Shockproof-Protective-Women-Black/dp/B09MVWC39Q/ref=sr_1_80?dib=eyJ2IjoiMSJ9.8zZNl9XdkYQ1k2qXBTX95qOJTeTsjA-Ey361jPwNTZcvy8oNYx4R3jtUvFcxD63WC1j1mIBC_qunZK96V5m_xsFumRAi_RjkUao09R-gB0KX-xN6yyjQbd8lC2OiWahCbvzs2PE7e0SKs7faqnno3krWFFjVkg4bEKv3kBwcK__O7vMk4HvLF5kV9howfuygbHPBnGkyfh5Hw786bNSDK_V1mB6Ix1qG6nBmBWuo5oA.OOMTZzMIGMHIblBnfGmuT-Y3TwhJEv_KiiLuM1cCnZc&dib_tag=se&keywords=oneplus+cases&qid=1785307220&sr=8-80,B09MVWC39Q,https://m.media-amazon.com/images/I/61qn9kKqlBL._AC_UY218_.jpg
"TUDIA DualShield Grip Designed for OnePlus 11 Case 5G (2023), [MergeGrip] Dual Layer Shockproof Slim Military Grade Non-Slip Tough Heavy Duty Protective Phone Case Cover - Pine Green",$15.99,,Save 5%,4.6 out of 5 stars,717 ratings,False,False,https://www.amazon.com/TUDIA-DualShield-MergeGrip-Shockproof-Protective/dp/B0BVTNDTH7/ref=sr_1_81?dib=eyJ2IjoiMSJ9.8zZNl9XdkYQ1k2qXBTX95qOJTeTsjA-Ey361jPwNTZcvy8oNYx4R3jtUvFcxD63WC1j1mIBC_qunZK96V5m_xsFumRAi_RjkUao09R-gB0KX-xN6yyjQbd8lC2OiWahCbvzs2PE7e0SKs7faqnno3krWFFjVkg4bEKv3kBwcK__O7vMk4HvLF5kV9howfuygbHPBnGkyfh5Hw786bNSDK_V1mB6Ix1qG6nBmBWuo5oA.OOMTZzMIGMHIblBnfGmuT-Y3TwhJEv_KiiLuM1cCnZc&dib_tag=se&keywords=oneplus+cases&qid=1785307220&sr=8-81,B0BVTNDTH7,https://m.media-amazon.com/images/I/71xcwth3L-L._AC_UY218_.jpg
"Poetic Guardian Case for OnePlus Nord N30 5G, [20FT Mil-Grade Drop Tested], Full Body Hybrid Shockproof Bumper Cover with Built-in Screen Protector, Black/Clear",$17.95,,,4.4 out of 5 stars,343 ratings,False,False,https://www.amazon.com/Poetic-Guardian-Mil-Grade-Shockproof-Protector/dp/B0C6M6KZP9/ref=sr_1_82?dib=eyJ2IjoiMSJ9.8zZNl9XdkYQ1k2qXBTX95qOJTeTsjA-Ey361jPwNTZcvy8oNYx4R3jtUvFcxD63WC1j1mIBC_qunZK96V5m_xsFumRAi_RjkUao09R-gB0KX-xN6yyjQbd8lC2OiWahCbvzs2PE7e0SKs7faqnno3krWFFjVkg4bEKv3kBwcK__O7vMk4HvLF5kV9howfuygbHPBnGkyfh5Hw786bNSDK_V1mB6Ix1qG6nBmBWuo5oA.OOMTZzMIGMHIblBnfGmuT-Y3TwhJEv_KiiLuM1cCnZc&dib_tag=se&keywords=oneplus+cases&qid=1785307220&sr=8-82,B0C6M6KZP9,https://m.media-amazon.com/images/I/71-lEeCh2fL._AC_UY218_.jpg
"OtterBox OnePlus Nord N300 5G Commuter Series Lite Case - Black, Slim & Tough, Pocket-Friendly, with Open Access to Ports and Speakers (no Port Covers),",$5.98,$29.95,Save 15% at checkout,4.3 out of 5 stars,129 ratings,False,False,https://www.amazon.com/OtterBox-Commuter-LITE-Case-OnePlus/dp/B0BLZSM25P/ref=sr_1_83?dib=eyJ2IjoiMSJ9.8zZNl9XdkYQ1k2qXBTX95qOJTeTsjA-Ey361jPwNTZcvy8oNYx4R3jtUvFcxD63WC1j1mIBC_qunZK96V5m_xsFumRAi_RjkUao09R-gB0KX-xN6yyjQbd8lC2OiWahCbvzs2PE7e0SKs7faqnno3krWFFjVkg4bEKv3kBwcK__O7vMk4HvLF5kV9howfuygbHPBnGkyfh5Hw786bNSDK_V1mB6Ix1qG6nBmBWuo5oA.OOMTZzMIGMHIblBnfGmuT-Y3TwhJEv_KiiLuM1cCnZc&dib_tag=se&keywords=oneplus+cases&qid=1785307220&sr=8-83,B0BLZSM25P,https://m.media-amazon.com/images/I/61wgJFyCphL._AC_UY218_.jpg
"MAKAVO for OnePlus Nord N30 5G Case with Glass Screen Protector, Non-Yellowing Translucent Matte Shockproof Bumper Case, Slim Thin Yet Military Grade Drop Proof Phone Cover",$9.99,,,4.5 out of 5 stars,484 ratings,False,False,https://www.amazon.com/MAKAVO-Protector-Non-Yellowing-Translucent-Shockproof/dp/B0CNT3ZMN8/ref=sr_1_84?dib=eyJ2IjoiMSJ9.8zZNl9XdkYQ1k2qXBTX95qOJTeTsjA-Ey361jPwNTZcvy8oNYx4R3jtUvFcxD63WC1j1mIBC_qunZK96V5m_xsFumRAi_RjkUao09R-gB0KX-xN6yyjQbd8lC2OiWahCbvzs2PE7e0SKs7faqnno3krWFFjVkg4bEKv3kBwcK__O7vMk4HvLF5kV9howfuygbHPBnGkyfh5Hw786bNSDK_V1mB6Ix1qG6nBmBWuo5oA.OOMTZzMIGMHIblBnfGmuT-Y3TwhJEv_KiiLuM1cCnZc&dib_tag=se&keywords=oneplus+cases&qid=1785307220&sr=8-84,B0CNT3ZMN8,https://m.media-amazon.com/images/I/71rpd3u4PBL._AC_UY218_.jpg
"for OnePlus 12 Case with Slide Camera Cover, 360° Rotation Ring Kickstand [Military Grade] Case for OnePlus 12 5G (Red)",$7.99,,,3.9 out of 5 stars,38 ratings,False,True,https://www.amazon.com/sspa/click?ie=UTF8&spc=MTo0NjA4NzA4NjIzMjU1NTE2OjE3ODUzMDcyMjA6c3BfYnRmOjMwMDE2NzIwMzM0NDIwMjo6MDo6&url=%2FAKINIK-OnePlus-Rotation-Kickstand-Military%2Fdp%2FB0CWDDLXFX%2Fref%3Dsr_1_85_sspa%3Fdib%3DeyJ2IjoiMSJ9.8zZNl9XdkYQ1k2qXBTX95qOJTeTsjA-Ey361jPwNTZcvy8oNYx4R3jtUvFcxD63WC1j1mIBC_qunZK96V5m_xsFumRAi_RjkUao09R-gB0KX-xN6yyjQbd8lC2OiWahCbvzs2PE7e0SKs7faqnno3krWFFjVkg4bEKv3kBwcK__O7vMk4HvLF5kV9howfuygbHPBnGkyfh5Hw786bNSDK_V1mB6Ix1qG6nBmBWuo5oA.OOMTZzMIGMHIblBnfGmuT-Y3TwhJEv_KiiLuM1cCnZc%26dib_tag%3Dse%26keywords%3Doneplus%2Bcases%26qid%3D1785307220%26sr%3D8-85-spons%26sp_csd%3Dd2lkZ2V0TmFtZT1zcF9idGY%26psc%3D1,B0CWDDLXFX,https://m.media-amazon.com/images/I/71LKV9TNhIL._AC_UY218_.jpg
"Silicone Case for OnePlus 15, Green | Soft Silicone Silky Touch Easy Clean, Shockproof Slim Phone Cover, Upgraded Camera Protection, Anti-Scratch Microfiber Lining",$9.99,$11.99,Save 17%,4.6 out of 5 stars,"1,271 ratings",False,True,https://www.amazon.com/sspa/click?ie=UTF8&spc=MTo0NjA4NzA4NjIzMjU1NTE2OjE3ODUzMDcyMjA6c3BfYnRmOjMwMTE3NTIxNjI1OTcwMjo6MDo6&url=%2FBtstring-Silicone-Case-OnePlus-Green%2Fdp%2FB0G19CRGFG%2Fref%3Dsr_1_86_sspa%3Fdib%3DeyJ2IjoiMSJ9.8zZNl9XdkYQ1k2qXBTX95qOJTeTsjA-Ey361jPwNTZcvy8oNYx4R3jtUvFcxD63WC1j1mIBC_qunZK96V5m_xsFumRAi_RjkUao09R-gB0KX-xN6yyjQbd8lC2OiWahCbvzs2PE7e0SKs7faqnno3krWFFjVkg4bEKv3kBwcK__O7vMk4HvLF5kV9howfuygbHPBnGkyfh5Hw786bNSDK_V1mB6Ix1qG6nBmBWuo5oA.OOMTZzMIGMHIblBnfGmuT-Y3TwhJEv_KiiLuM1cCnZc%26dib_tag%3Dse%26keywords%3Doneplus%2Bcases%26qid%3D1785307220%26sr%3D8-86-spons%26sp_csd%3Dd2lkZ2V0TmFtZT1zcF9idGY%26psc%3D1,B0G19CRGFG,https://m.media-amazon.com/images/I/61rsmgquoxL._AC_UY218_.jpg
